participant_id;E201_01;E201_02;E201_03;E201_04;E201_05;E201_06;E201_07;E201_08;E201_09;E201_10;E201_11;E201_12;E201_13;E201_14;E201_15;E201_16;E201_17;E201_18;E201_19;E201_20;E201_avg;E201_var;A305_01;A305_03;A305_04;A305_05;A305_06;A305_07;A305_08;A305_09;A305_avg;A305_var;S101_01;S101_02;S101_03;S101_04;S101_05;S101_06;S101_07;S101_13;S101_08;S101_09;S101_10;S101_11;S101_12;S101_avg;S101_var;S102_01;S102_02;S102_03;S102_04;S102_05;S102_06;S102_07;S102_08;S102_09;S102_avg;S102_var;var_flag
53a18b8ffdf99b79ca51df6e;1;1;6;6;1;1;1;1;1;7;1;1;7;7;1;3;1;3;1;1;2,666666667;6,042105263;3;6;6;7;7;7;7;5;6;1,75;6;7;7;6;7;3;1;1;6;1;2;7;7;4,692307692;6,897435897;3;3;3;2;2;3;3;3;3;2,777777778;0,172839506;0
54d64ee6fdf99b1bfc1d8997;2;2;7;6;4;2;2;2;3;6;2;2;6;4;2;2;3;2;2;2;3,666666667;2,976315789;6;5;6;7;3;5;5;6;5,375;1,234375;6;7;6;7;4;5;3;1;2;2;2;5;3;4,076923077;4,243589744;5;5;6;6;6;6;6;6;6;5,777777778;0,172839506;0
5591cd21fdf99b63126f6c60;2;2;7;7;1;1;1;1;1;7;3;1;6;6;1;1;1;1;1;1;3,666666667;5,936842105;7;7;4;6;7;3;4;4;5,25;2,4375;7;7;7;7;4;5;1;1;6;1;4;7;1;4,461538462;6,935897436;7;7;7;7;7;7;7;7;7;7;0;1
56051814e372c00011bd556a;2;2;6;6;4;4;3;3;3;6;4;4;4;4;4;3;3;3;4;3;3,333333333;1,355263158;6;6;6;6;6;6;6;5;5,875;0,109375;2;6;2;6;2;2;2;1;5;2;4;4;4;3,230769231;2,858974359;4;5;5;5;5;5;5;5;5;4,888888889;0,098765432;0
56333f762840d2000a22e4a3;1;1;7;4;4;4;1;1;4;7;4;1;4;1;1;1;4;1;1;1;3;4,239473684;7;7;7;7;4;7;7;4;6,25;1,6875;7;7;4;7;1;1;1;1;7;1;4;4;4;3,769230769;6,692307692;7;7;7;7;7;7;7;7;7;7;0;1
567dd32b4f0ef30006dbb718;1;1;6;6;5;2;2;4;4;6;3;1;4;4;2;5;2;2;2;2;2,666666667;3,010526316;5;5;5;4;4;4;5;5;4,625;0,234375;2;6;4;1;1;4;2;1;5;2;4;6;6;3,384615385;3,923076923;4;4;4;4;4;4;4;4;4;4;0;1
56cb572b73cd5b0006f79acd;2;1;7;1;4;2;4;1;2;6;1;4;2;1;4;7;3;2;1;2;3,333333333;3,923684211;7;7;6;6;3;1;3;6;4,875;4,359375;1;7;1;7;1;1;1;1;7;1;4;7;1;3,076923077;8,076923077;7;7;7;7;7;7;7;7;7;7;0;1
56ce42d9465e580006846f57;3;3;7;5;4;4;4;3;3;7;2;3;3;5;3;3;4;3;3;3;4,333333333;1,776315789;4;5;6;6;6;4;5;4;5;0,75;7;2;4;7;1;3;1;1;4;1;1;4;5;3,153846154;4,974358974;7;7;7;7;7;7;7;7;7;7;0;1
56e7527138f932000a86bc4a;1;6;7;5;6;6;2;4;3;1;3;6;7;4;5;5;3;2;2;1;4,666666667;4,155263158;5;1;7;6;7;7;6;6;5,625;3,484375;7;7;1;7;3;5;3;1;5;1;6;5;6;4,384615385;5,423076923;6;4;5;7;6;7;6;7;7;6,111111111;0,987654321;0
5774ed97d8e8880001b2ff6c;2;3;6;5;7;4;6;2;6;7;4;3;7;6;3;3;5;6;4;3;3,666666667;2,884210526;4;3;3;5;2;3;2;4;3,25;0,9375;1;7;1;1;1;4;4;1;3;1;2;2;7;2,692307692;4,897435897;7;7;7;7;7;7;6;7;7;6,888888889;0,098765432;0
579e1e2b275be6000135af15;1;1;6;1;1;1;3;1;1;4;1;1;1;1;1;3;1;1;1;1;2,666666667;1,831578947;6;7;7;7;1;4;4;7;5,375;4,234375;7;7;4;7;1;1;1;1;7;1;4;4;5;3,846153846;6,807692308;4;7;7;7;7;7;7;7;7;6,666666667;0,888888889;0
57a1e03b8eccbc0001f39c13;1;2;7;6;5;5;3;1;2;7;1;2;7;3;2;4;2;1;2;2;3,333333333;4,618421053;4;6;5;5;4;4;5;6;4,875;0,609375;6;7;4;5;3;3;4;1;4;4;3;5;5;4,153846154;2,307692308;5;5;6;4;6;7;6;6;7;5,777777778;0,839506173;0
58106d17a513590001b1ec9e;1;1;7;7;5;5;5;2;6;6;3;4;4;2;4;2;5;2;2;4;3;3,607894737;4;7;7;7;7;7;6;5;6,25;1,1875;1;7;4;7;1;4;1;1;5;2;6;6;3;3,692307692;5,564102564;6;6;5;6;6;6;6;6;6;5,888888889;0,098765432;0
58296b19c297cc00015159a8;2;2;7;7;4;1;1;1;1;7;1;1;7;7;5;7;6;6;1;1;3,666666667;7,460526316;7;7;7;7;7;7;7;7;7;0;1;1;1;1;7;1;1;1;4;1;6;7;7;3;7,5;4;3;3;1;1;5;5;3;4;3,222222222;1,950617284;1
588093c6704f1100014a3d01;1;1;5;4;6;2;4;1;3;6;1;2;6;7;3;5;3;2;2;3;2,333333333;3,713157895;5;7;6;5;7;6;7;6;6,125;0,609375;1;1;1;7;1;2;1;1;2;1;1;1;1;1,615384615;2,756410256;2;1;1;1;1;1;3;2;2;1,555555556;0,469135802;0
58b7232a67ae1000010646dd;1;1;1;1;1;1;1;1;1;1;1;1;4;1;1;1;1;1;1;1;1;0,45;2;5;5;6;6;2;3;6;4,375;2,734375;7;7;1;7;2;2;2;1;4;1;4;5;6;3,769230769;5,858974359;4;6;6;6;6;7;7;7;7;6,222222222;0,839506173;0
58bcbadacedda800015fa498;1;1;6;6;4;1;1;1;3;7;1;1;4;6;1;6;5;1;2;3;2,666666667;4,997368421;5;6;6;4;4;6;5;7;5,375;0,984375;7;7;7;7;1;4;1;1;6;1;7;7;7;4,846153846;7,807692308;6;7;7;6;7;6;5;4;7;6,111111111;0,987654321;0
58cbd0a55d42920001414dd3;1;1;2;2;3;2;1;1;1;5;1;1;2;7;1;2;1;1;1;1;1,333333333;2,45;3;7;7;7;7;7;4;5;5,875;2,359375;7;7;7;7;1;3;4;1;6;4;4;4;6;4,692307692;4,730769231;4;7;7;6;7;7;7;7;7;6,555555556;0,913580247;0
58cd9587334d5b0001d64b02;1;1;7;2;2;6;2;2;3;7;1;4;2;1;6;1;1;1;1;1;3;4,673684211;5;5;5;6;2;3;5;7;4,75;2,1875;7;7;7;7;3;4;6;1;1;4;5;7;7;5,076923077;5,243589744;6;7;2;7;6;6;7;7;7;6,111111111;2,320987654;0
58d4ebdec8677b0001a2107b;1;1;7;7;7;3;2;1;3;7;1;2;1;7;1;5;2;1;1;1;3;6,471052632;7;7;7;5;6;5;5;7;6,125;0,859375;7;1;1;7;1;4;1;1;7;1;5;6;6;3,692307692;7,397435897;1;7;7;7;5;7;7;7;7;6,111111111;3,654320988;0
58e3a47a1a964e00019a565e;5;5;7;5;6;3;5;2;7;7;4;6;5;6;6;7;6;2;3;5;5,666666667;2,515789474;1;7;6;5;6;5;6;7;5,375;3,234375;2;7;1;7;4;4;4;1;4;5;2;3;6;3,846153846;4,141025641;6;7;7;6;6;5;7;6;7;6,333333333;0,444444444;0
58effc65c31d4d00015aa5b9;3;3;6;6;7;2;3;3;6;7;3;3;7;7;2;5;3;2;2;2;4;3,989473684;3;7;7;5;6;5;7;5;5,625;1,734375;2;2;2;7;1;3;2;1;5;4;3;5;5;3,230769231;3,358974359;5;5;5;5;5;5;5;5;5;5;0;1
58fa36995214e3000193281c;2;2;6;4;3;3;3;3;3;4;2;3;3;4;3;4;3;3;3;3;3,333333333;0,8;4;5;4;3;4;3;5;5;4,125;0,609375;5;7;6;7;3;3;2;1;4;3;5;6;5;4,384615385;3,58974359;6;5;5;3;5;5;5;5;5;4,888888889;0,543209877;0
590b59be9e10af000115acac;7;6;6;2;1;4;4;4;4;5;3;4;4;4;4;4;4;6;4;4;6,333333333;1,852631579;7;7;7;7;7;7;7;7;7;0;7;7;7;7;1;1;1;1;7;1;6;6;6;4,461538462;8,269230769;6;5;5;6;6;5;5;5;5;5,333333333;0,222222222;1
590df20e12802600017e1006;1;1;3;3;2;1;1;1;1;3;1;1;1;2;1;3;1;1;1;1;1,666666667;0,684210526;7;7;7;7;7;7;7;7;7;0;7;7;4;7;1;4;1;1;7;1;6;7;7;4,615384615;7,423076923;7;6;6;5;5;5;5;5;5;5,444444444;0,469135802;1
591a1f4800a5650001276188;3;3;7;4;4;5;4;3;4;7;5;4;4;6;4;5;5;5;2;4;4,333333333;1,621052632;2;6;3;2;4;4;3;2;3,25;1,6875;1;7;4;7;2;4;1;1;6;2;2;4;4;3,461538462;4,769230769;7;7;7;7;7;7;7;7;7;7;0;1
595859e982be5500017acf9d;1;3;7;6;5;5;4;2;4;6;1;3;5;5;3;4;3;2;3;3;3,666666667;2,723684211;6;5;6;4;4;3;3;5;4,5;1,25;7;7;3;5;3;2;1;1;4;2;2;6;5;3,692307692;4,564102564;7;5;1;4;7;1;6;2;6;4,333333333;5,333333333;0
596d1cdfe81bf30001fe0533;1;2;7;7;6;6;5;3;5;7;1;1;7;4;2;4;5;4;4;1;3,333333333;4,831578947;5;7;7;7;7;6;5;5;6,125;0,859375;4;7;4;7;4;3;2;1;5;1;6;6;7;4,384615385;4,756410256;6;7;7;7;7;7;7;7;7;6,888888889;0,098765432;0
5970a273965d930001323b08;1;1;5;3;3;2;3;2;4;4;3;3;3;2;3;3;3;2;2;2;2,333333333;0,957894737;6;6;5;4;4;6;5;4;5;0,75;6;7;4;7;1;1;1;1;6;1;4;5;6;3,846153846;6,307692308;5;4;5;3;3;4;5;4;3;4;0,666666667;0
597f8ffc55a1800001337a81;1;1;7;2;1;2;1;1;1;4;1;1;1;1;1;2;1;1;1;1;3;2,147368421;7;7;7;7;4;1;4;7;5,5;4,5;7;7;2;7;3;5;2;1;4;1;4;7;7;4,384615385;5,923076923;4;4;3;2;2;2;2;2;2;2,555555556;0,691358025;0
598770df492e910001deeb96;1;1;7;5;1;5;4;4;5;5;4;4;5;2;5;4;5;2;2;2;3;2,976315789;7;4;4;1;7;4;7;7;5,125;4,359375;7;7;7;7;2;4;2;1;4;2;2;7;7;4,538461538;6,269230769;4;4;4;5;1;5;4;4;2;3,666666667;1,555555556;0
5993020a5f49420001caf86b;1;1;7;6;1;1;1;1;1;7;3;1;4;4;1;1;1;1;1;1;3;4,618421053;6;6;6;6;6;6;6;6;6;0;6;6;6;6;2;2;6;1;6;1;5;5;5;4,384615385;4,256410256;6;6;5;6;6;5;5;5;5;5,444444444;0,24691358;1
5995ad4cf9db7d0001895973;6;6;4;4;4;5;6;5;5;4;6;5;4;5;5;5;6;6;6;6;5,333333333;0,660526316;5;6;5;6;7;7;6;6;6;0,5;7;7;3;7;1;2;2;1;5;1;5;6;5;4;5,833333333;6;6;7;6;6;6;6;6;6;6,111111111;0,098765432;0
599b5246b5566b0001aa86f6;1;1;7;6;1;1;1;1;1;7;1;1;6;1;1;5;1;1;1;1;3;5,484210526;3;6;6;6;4;4;4;6;4,875;1,359375;7;7;7;7;2;4;2;1;6;3;1;5;4;4,307692308;5,564102564;4;2;3;3;3;4;4;3;5;3,444444444;0,691358025;0
59bc3a373a9ab60001119730;2;3;5;5;2;4;4;3;5;6;3;3;4;5;3;7;2;4;2;3;3,333333333;1,986842105;3;5;6;6;6;7;5;5;5,375;1,234375;4;6;1;7;2;6;4;1;5;5;2;2;2;3,615384615;4,256410256;6;5;5;7;7;6;6;4;6;5,777777778;0,839506173;0
59c63ec50aaf750001213c37;1;1;7;4;2;3;2;1;3;7;2;1;2;1;2;2;3;1;1;1;3;3,292105263;6;3;5;5;6;3;3;5;4,5;1,5;7;7;7;7;4;5;5;1;6;3;3;5;3;4,846153846;3,807692308;5;5;5;5;5;5;5;5;5;5;0;1
59dea7f56100f9000194a162;1;1;7;6;6;7;6;1;5;5;6;6;4;5;6;5;5;3;3;3;3;3,734210526;4;6;6;7;7;7;7;7;6,375;0,984375;2;7;3;7;2;2;1;1;7;2;2;6;6;3,692307692;6,064102564;3;6;3;4;3;5;5;4;4;4,111111111;0,987654321;0
59e6ed442f63d30001c8fa22;2;2;6;6;6;3;3;2;5;6;2;2;5;5;2;5;2;2;2;2;3,333333333;3;5;7;7;7;6;6;7;5;6,25;0,6875;4;7;4;7;3;3;3;1;5;2;6;6;6;4,384615385;3,756410256;5;6;6;5;6;5;5;6;6;5,555555556;0,24691358;0
5a01a0fd728b1b0001ad89f8;2;2;3;2;4;1;2;2;3;6;1;1;3;1;1;2;2;1;2;2;2,333333333;1,502631579;2;7;7;6;6;5;5;6;5,5;2,25;6;6;5;7;2;1;2;1;6;2;6;6;6;4,307692308;5,230769231;6;6;6;5;5;5;7;7;6;5,888888889;0,543209877;0
5a0acda16e1ea9000124e675;3;3;6;4;4;5;4;4;5;6;3;4;4;4;4;3;5;4;4;4;4;0,765789474;6;6;6;5;5;5;4;4;5,125;0,609375;4;7;4;7;4;4;4;1;4;4;5;4;4;4,307692308;2,230769231;5;4;4;4;5;4;5;4;5;4,444444444;0,24691358;0
5a10ab7fdf3fa800015c43f2;1;1;5;7;3;3;4;1;3;7;1;1;7;7;1;6;3;3;1;1;2,333333333;5,694736842;1;7;7;7;4;5;6;2;4,875;4,859375;7;7;4;7;2;1;4;1;4;1;4;5;6;4,076923077;5,243589744;7;5;5;5;7;7;7;7;7;6,333333333;0,888888889;0
5a11be3b38ed430001be835f;1;1;7;5;1;1;1;1;2;7;1;2;2;1;1;1;1;1;1;1;3;3,839473684;6;7;2;2;2;5;2;7;4,125;4,859375;7;7;7;7;4;3;5;1;4;5;4;5;5;4,923076923;3,243589744;3;3;3;5;5;5;6;5;6;4,555555556;1,358024691;0
5a4909a37aebf7000115453d;1;1;4;4;2;1;1;1;2;5;1;1;2;5;1;3;1;1;1;1;2;2,05;1;4;7;7;6;7;7;5;5,5;4;6;6;6;5;6;5;3;1;5;5;5;4;5;4,769230769;2,025641026;5;4;5;5;5;4;4;5;5;4,666666667;0,222222222;0
5a513719acc75b000179bff1;2;2;6;5;5;3;3;3;3;6;3;3;3;4;3;3;3;3;3;3;3,333333333;1,313157895;6;6;6;6;6;5;6;6;5,875;0,109375;6;6;6;6;6;5;5;1;5;5;5;5;6;5,153846154;1,807692308;6;6;6;6;6;6;6;6;5;5,888888889;0,098765432;0
5a577d25eedc320001425fd2;2;1;7;6;3;5;4;-9;-9;-9;-9;-9;-9;-9;-9;-9;-9;-9;-9;-9;3,333333333;41,94473684;4;6;6;6;6;6;5;6;5,625;0,484375;4;4;3;7;2;4;3;1;6;3;3;3;3;3,538461538;2,435897436;4;4;4;4;4;4;4;4;4;4;0;1
5a5c23afe0cf3d0001268781;1;1;2;2;2;1;2;1;1;6;1;1;7;7;1;2;1;1;1;1;1,333333333;4,094736842;5;7;7;7;5;6;5;6;6;0,75;7;7;1;7;6;7;7;1;6;6;1;4;2;4,769230769;6,692307692;7;6;2;4;4;5;6;6;6;5,111111111;2,098765432;0
5a5f945176d1c60001ab7e30;3;3;6;5;3;3;3;3;3;6;3;3;3;3;3;3;3;3;3;3;4;0,989473684;5;5;6;4;4;4;4;6;4,75;0,6875;7;7;7;7;1;4;1;1;6;1;2;6;6;4,307692308;7,230769231;7;7;7;7;7;7;7;7;7;7;0;1
5a6725d4c0d836000107f6e7;2;2;5;7;5;5;3;4;4;7;5;3;7;5;2;7;5;4;6;3;3;2,892105263;6;5;7;6;7;5;5;6;5,875;0,609375;7;4;3;7;2;4;3;1;2;2;6;4;3;3,692307692;3,730769231;5;6;5;6;5;5;5;6;6;5,444444444;0,24691358;0
5a68c01031b87a0001c752c3;2;2;2;5;3;2;2;2;2;4;2;2;2;4;3;3;4;2;2;2;2;0,884210526;3;4;7;6;3;6;6;4;4,875;2,109375;6;6;-9;6;1;6;6;1;6;5;6;6;6;4;18,66666667;6;6;6;6;6;6;6;5;5;5,777777778;0,172839506;0
5a6f1ccade1f390001dbd8b7;1;2;7;6;5;3;2;2;3;6;2;2;2;5;2;2;2;2;3;3;3,333333333;2,936842105;5;7;7;7;7;7;7;6;6,625;0,484375;2;7;5;4;1;4;1;1;6;1;4;5;6;3,615384615;4,756410256;7;7;7;7;7;7;7;7;7;7;0;1
5a75b131eea3d300016ddc70;1;1;7;5;7;4;5;5;4;7;1;3;3;4;2;4;4;1;4;4;3;3,747368421;5;5;5;5;5;6;6;5;5,25;0,1875;7;7;5;4;3;3;3;1;5;2;6;6;7;4,538461538;4,102564103;6;5;5;6;7;6;5;6;6;5,777777778;0,395061728;0
5a8185b8aa46dd00016b80d6;1;1;6;4;3;2;1;1;1;6;2;2;3;5;2;1;1;1;1;1;2,666666667;2,934210526;1;5;4;5;5;4;2;5;3,875;2,109375;2;7;2;7;3;4;5;1;4;2;7;7;5;4,307692308;4,897435897;1;5;4;5;5;6;6;6;6;4,888888889;2,320987654;0
5a84f454ae9a0b0001a9e4e5;1;1;2;6;3;1;2;1;2;7;2;1;4;5;1;3;2;2;1;1;1,333333333;3,2;5;7;6;5;5;6;4;7;5,625;0,984375;7;7;3;7;1;3;5;1;5;1;6;7;5;4,461538462;5,769230769;4;5;5;5;6;5;6;5;6;5,222222222;0,395061728;0
5a8f4907b093f80001a83cbe;1;1;6;6;1;1;1;1;1;6;1;1;5;2;1;2;1;4;1;1;2,666666667;3,852631579;7;5;7;6;7;7;7;7;6,625;0,484375;6;7;6;6;3;5;6;1;3;5;2;3;3;4,307692308;3,564102564;5;6;5;5;6;5;5;6;5;5,333333333;0,222222222;0
5a94d2e989de8200013ecab6;1;1;3;2;1;1;1;1;1;3;1;1;1;1;1;1;1;1;1;1;1,666666667;0,407894737;5;7;5;4;4;5;4;7;5,125;1,359375;2;7;2;7;3;2;3;1;7;1;2;4;4;3,461538462;4,935897436;4;1;1;1;1;2;1;2;3;1,777777778;1,061728395;0
5a999b86873cda0001dca822;2;2;7;7;4;7;4;5;6;7;3;6;6;4;6;3;7;4;4;5;3,666666667;2,892105263;4;6;7;4;5;7;7;7;5,875;1,609375;7;7;7;7;1;1;1;1;7;1;4;7;7;4,461538462;8,769230769;7;7;7;7;7;7;7;7;7;7;0;1
5abfe64d436f550001ffad93;1;1;7;1;5;5;1;1;5;5;1;1;4;1;5;1;4;1;1;1;3;4,357894737;7;7;3;6;5;5;5;7;5,625;1,734375;7;7;1;7;1;4;4;1;4;1;4;6;1;3,692307692;6,230769231;7;1;1;1;1;1;1;1;1;1,666666667;3,555555556;0
5acb6d77e734400001da7928;7;7;7;7;7;7;7;7;7;7;7;7;7;7;7;7;7;7;7;7;7;0;2;6;6;6;6;5;5;5;5,125;1,609375;6;6;6;6;2;2;2;1;6;2;4;4;4;3,923076923;3,743589744;7;7;7;7;7;7;7;7;7;7;0;1
5acb711e9534ba0001c785d5;2;1;7;6;3;2;2;1;4;7;3;2;4;6;2;5;3;6;2;1;3,333333333;4,155263158;5;5;5;5;5;6;6;6;5,375;0,234375;7;7;6;7;5;3;2;1;5;4;5;5;5;4,769230769;3,525641026;3;5;4;4;4;5;5;5;6;4,555555556;0,691358025;0
5acbd67df69e940001d9cdda;1;1;3;4;2;1;4;1;4;6;1;1;4;5;1;5;3;4;1;1;1,666666667;2,976315789;7;7;6;4;5;4;4;6;5,375;1,484375;7;7;4;7;1;1;4;1;7;2;7;6;7;4,692307692;6,897435897;6;4;4;2;3;6;5;5;5;4,444444444;1,580246914;0
5ad3bf18dfe710000183c510;1;1;7;7;5;5;3;4;2;2;2;1;3;2;4;6;4;3;2;2;3;3,589473684;6;6;6;5;6;6;6;6;5,875;0,109375;6;4;5;6;5;5;6;1;5;6;6;5;5;5;1,833333333;5;5;6;5;5;5;6;5;5;5,222222222;0,172839506;0
5ad93fa080491c000142d619;3;3;7;5;5;5;4;4;4;7;2;3;4;3;3;3;4;3;4;4;4,333333333;1,684210526;5;5;5;5;6;5;4;5;5;0,25;6;7;6;7;4;4;5;1;4;3;5;5;4;4,692307692;2,730769231;5;5;5;4;5;5;5;5;5;4,888888889;0,098765432;0
5adb5107f6b58c0001fa3533;4;4;6;6;5;4;5;4;4;6;3;4;4;4;4;5;4;3;3;3;4,666666667;0,934210526;6;6;6;5;6;4;6;3;5,25;1,1875;6;6;4;5;1;6;2;1;6;2;6;6;6;4,384615385;4,423076923;5;6;6;6;6;6;6;6;6;5,888888889;0,098765432;0
5ae64fb8c3c3ab00018f7e89;1;1;6;3;3;1;1;1;1;3;1;1;1;4;1;3;1;1;1;1;2,666666667;1,957894737;7;2;5;5;6;5;7;7;5,5;2,5;1;7;1;7;4;7;5;1;5;2;4;5;1;3,846153846;5,807692308;7;7;7;5;5;7;7;7;7;6,555555556;0,691358025;0
5aea9842ba2926000102f326;1;1;7;7;5;2;4;1;2;7;1;1;3;7;1;3;2;4;1;1;3;5,523684211;7;7;7;2;5;6;4;7;5,625;2,984375;2;4;2;7;4;4;5;1;2;1;5;6;7;3,846153846;4,474358974;7;7;1;7;7;7;7;4;7;6;4;0
5aeae70faced0e00012d599b;2;2;5;6;2;2;3;3;2;6;2;3;4;5;3;2;2;2;2;2;3;2;5;7;7;4;5;6;4;6;5,5;1,25;7;7;1;7;6;4;4;1;6;4;4;4;4;4,538461538;4,102564103;2;4;3;2;4;5;7;6;6;4,333333333;2,888888889;0
5aeaf9a9cb04880001cbd1a5;1;1;5;4;2;3;1;1;2;6;2;2;1;1;1;1;1;1;1;1;2,333333333;2,2;5;7;7;7;7;6;6;7;6,5;0,5;1;7;1;7;1;4;5;1;5;2;2;6;7;3,769230769;6,358974359;5;6;4;4;6;5;6;6;7;5,444444444;0,913580247;0
5af9a04dfdaeac00010d6549;1;1;7;5;4;2;1;3;4;2;1;2;4;1;4;6;2;1;1;1;3;3,502631579;5;7;7;7;6;5;6;6;6,125;0,609375;7;7;1;7;4;4;7;1;3;4;1;1;1;3,692307692;6,730769231;6;3;5;5;4;5;1;1;6;4;3,333333333;0
5b03119a22ffb50001cbcb89;1;2;2;2;4;4;2;2;2;2;2;2;5;5;2;5;2;5;2;2;1,666666667;1,776315789;5;7;7;7;7;7;6;7;6,625;0,484375;7;7;7;7;1;4;2;1;4;1;4;4;4;4,076923077;5,576923077;6;6;6;6;6;6;6;6;6;6;0;1
5b0a869f1e55760001b93fa3;2;2;6;5;5;3;2;4;4;7;5;4;5;6;3;5;4;6;4;4;3,333333333;2,010526316;2;5;6;6;5;6;5;5;5;1,5;5;7;5;7;5;4;4;1;3;2;4;4;5;4,307692308;2,897435897;6;6;6;6;5;6;6;6;5;5,777777778;0,172839506;0
5b0c4bbb1e55760001b96b8a;2;2;7;4;6;2;1;4;4;7;2;2;3;1;4;1;1;2;1;1;3,666666667;3,923684211;7;5;4;3;4;4;4;6;4,625;1,484375;1;7;1;7;4;4;6;1;1;1;7;7;7;4,153846154;7,807692308;7;7;7;7;6;7;7;6;7;6,777777778;0,172839506;0
5b100cb0a3553300017541c8;4;4;7;5;5;4;4;6;5;6;2;2;7;7;4;7;4;6;4;4;5;2,344736842;6;5;6;4;5;2;4;4;4,5;1,5;1;7;1;7;2;2;2;1;5;2;4;5;7;3,538461538;5,769230769;4;4;4;3;4;6;6;4;6;4,555555556;1,135802469;0
5b147696d282ff00015c2c4e;1;2;7;3;7;5;2;1;5;5;1;2;6;7;2;2;5;4;2;2;3,333333333;4,576315789;3;7;7;6;7;5;6;3;5,5;2,5;7;7;7;7;3;4;3;1;6;2;4;5;6;4,769230769;4,358974359;7;7;7;6;6;6;7;6;6;6,444444444;0,24691358;0
5b165033f6cef00001427e90;2;2;7;4;5;3;3;3;4;7;1;2;3;2;2;2;3;2;2;2;3,666666667;2,681578947;3;7;7;4;5;5;6;6;5,375;1,734375;1;7;1;7;1;4;2;1;7;2;5;7;5;3,846153846;6,807692308;7;2;2;5;5;3;3;2;5;3,777777778;2,839506173;0
5b166e64dbae3e00017e5ddb;1;1;4;4;2;2;1;1;3;4;2;3;3;3;2;2;2;2;2;2;2;0,957894737;5;5;5;5;4;4;5;5;4,75;0,1875;7;7;1;3;4;4;2;1;4;4;6;4;2;3,769230769;4,025641026;5;7;6;6;6;6;7;6;6;6,111111111;0,320987654;0
5b2285b50fbb830001080525;3;1;6;4;6;4;2;1;5;7;3;1;5;4;1;4;2;3;1;2;3,333333333;3,565789474;2;6;6;7;4;5;4;5;4,875;2,109375;7;7;6;7;5;5;2;1;6;1;5;5;7;4,923076923;4,91025641;5;7;2;6;7;7;7;6;6;5,888888889;2,320987654;0
5b264e0c0ec82d0001d207eb;2;2;6;4;3;1;2;4;6;6;1;2;4;2;2;5;6;3;1;1;3,333333333;3,397368421;4;6;6;5;4;5;3;6;4,875;1,109375;1;7;7;2;4;2;4;1;4;2;7;7;7;4,230769231;6,192307692;5;4;2;2;3;6;5;4;6;4,111111111;2,098765432;0
5b291e8b8ccfef0001bdd651;1;1;7;7;5;1;1;2;5;7;1;1;4;6;1;1;2;4;1;1;3;5,734210526;2;6;7;5;3;7;7;6;5,375;3,234375;7;7;2;7;1;1;1;1;6;3;4;6;6;4;6,666666667;7;5;1;5;5;5;5;5;5;4,777777778;2,172839506;0
5b2a2d855b5c0900018b0bf5;1;1;7;6;1;1;1;1;1;1;1;1;1;1;1;1;1;1;1;1;3;2,892105263;7;7;7;6;6;6;6;6;6,375;0,234375;7;7;7;7;1;6;1;1;6;1;7;7;7;5;7,833333333;7;6;6;6;6;6;6;6;6;6,111111111;0,098765432;0
5b3b48c5b6b4410001614786;1;4;7;5;3;2;3;1;2;5;3;3;2;1;4;2;3;1;3;3;4;2,410526316;5;7;7;6;4;5;5;5;5,5;1;7;7;7;7;2;5;2;1;5;1;2;5;6;4,384615385;5,923076923;4;5;5;5;5;5;5;5;5;4,888888889;0,098765432;0
5b4979dfd4c93b00019bfd88;2;2;7;6;3;6;2;4;4;6;4;4;2;1;4;1;4;1;2;2;3,666666667;3,397368421;4;7;5;7;5;7;6;4;5,625;1,484375;4;7;5;7;4;4;5;1;3;4;5;6;6;4,692307692;2,730769231;4;4;5;5;4;6;4;7;3;4,666666667;1,333333333;0
5b56abd5303c330001664b51;1;1;7;7;5;4;1;1;1;7;4;1;7;4;1;4;1;1;1;1;3;6,105263158;7;7;7;7;7;5;5;7;6,5;0,75;7;7;6;7;1;4;3;1;5;5;1;4;4;4,230769231;5,025641026;5;5;5;7;7;7;7;7;7;6,333333333;0,888888889;0
5b589a3b3f7d1c0001208218;1;1;4;1;1;1;1;1;1;7;1;1;7;6;1;6;1;1;1;1;2;5,25;5;7;6;4;6;3;5;7;5,375;1,734375;7;7;3;7;2;2;2;1;2;3;6;6;6;4,153846154;5,474358974;3;5;4;3;3;5;4;3;5;3,888888889;0,765432099;0
5b5ef728e3b84d0001521abf;3;3;7;7;4;2;4;2;2;7;2;2;5;4;2;6;2;4;2;2;4,333333333;3,515789474;1;5;5;5;6;5;3;3;4,125;2,359375;7;7;5;7;4;7;2;1;4;1;4;7;7;4,846153846;5,641025641;4;3;3;5;3;3;6;6;6;4,333333333;1,777777778;0
5b622ccfed24cc000112b9fc;1;1;3;2;2;2;1;1;2;7;1;1;3;3;1;2;1;4;1;1;1,666666667;2,210526316;7;4;7;4;5;4;4;5;5;1,5;2;1;1;7;5;2;4;1;2;1;4;5;6;3,153846154;4,474358974;7;5;5;5;4;5;7;4;5;5,222222222;1,061728395;0
5b6482e9f5bc0a00019fd571;1;1;4;5;2;2;1;1;2;7;2;1;1;6;2;1;1;1;1;1;2;3,397368421;1;7;4;7;7;7;7;1;5,125;6,609375;4;4;2;7;1;4;1;1;7;1;6;6;6;3,846153846;5,807692308;5;5;5;4;4;4;5;5;5;4,666666667;0,222222222;0
5b771a3d805c3f00012e07fe;3;3;7;5;3;2;2;4;5;6;5;5;3;2;5;4;5;3;3;5;4,333333333;2;6;5;6;3;4;5;5;3;4,625;1,234375;6;6;6;7;3;5;3;1;5;5;4;3;3;4,384615385;2,923076923;6;5;5;5;5;5;5;5;5;5,111111111;0,098765432;0
5b7c5d20db11320001c4359c;3;3;7;6;4;2;5;2;2;7;2;5;7;2;2;4;3;6;4;4;4,333333333;3,368421053;6;4;6;7;3;2;1;3;4;4;6;7;5;3;7;3;7;1;6;1;2;4;4;4,307692308;4,897435897;7;7;7;3;3;3;6;7;7;5,555555556;3,358024691;0
5b7ddf0cad1b9500010ebfc5;1;1;7;3;5;2;1;1;1;7;1;1;3;6;1;2;1;1;1;1;3;4,555263158;6;5;6;6;6;5;2;6;5,25;1,6875;7;7;6;7;6;4;4;1;2;6;4;3;2;4,538461538;4,435897436;6;7;7;6;7;7;7;7;7;6,777777778;0,172839506;0
5b7e634d818ae60001ea096a;1;1;7;5;3;5;6;4;5;7;2;5;5;2;5;2;5;3;1;6;3;3,894736842;2;6;7;7;5;6;4;5;5,25;2,4375;1;7;6;7;4;3;2;1;4;3;4;5;6;4,076923077;4,243589744;5;5;5;6;5;5;6;5;5;5,222222222;0,172839506;0
5b7e7de287d85f0001bac19a;2;2;6;3;6;3;3;3;3;7;2;3;6;4;3;3;3;4;3;3;3,333333333;2,147368421;1;7;4;4;7;7;4;7;5,125;4,359375;1;4;1;4;1;2;3;1;7;1;7;7;6;3,461538462;6,435897436;6;6;6;6;6;6;6;6;6;6;0;1
5b7ecfe47a63030001019c35;1;1;6;6;3;4;1;1;1;5;1;1;1;6;1;1;1;1;1;1;2,666666667;3,957894737;7;7;7;7;7;7;6;4;6,5;1;7;7;7;7;1;2;2;1;6;2;6;6;6;4,615384615;6,423076923;4;6;6;6;5;6;6;6;6;5,666666667;0,444444444;0
5b7fc2b57f78e10001d688b5;3;3;6;6;6;6;3;3;5;6;2;2;6;2;3;3;3;2;3;3;4;2,589473684;2;6;6;6;6;5;5;2;4,75;2,6875;7;7;7;7;1;4;1;1;7;1;5;6;6;4,615384615;7,08974359;3;7;7;7;7;7;7;7;7;6,555555556;1,580246914;0
5b847cdbe611ff0001c326b3;1;1;7;6;5;1;2;1;4;7;1;1;5;4;1;2;2;1;1;1;3;4,852631579;7;4;6;6;4;6;7;7;5,875;1,359375;4;7;7;7;1;4;1;1;7;2;4;7;7;4,538461538;6,769230769;5;4;4;3;2;4;4;5;5;4;0,888888889;0
5b8fec0ecf6f2c0001a1fe95;1;1;5;5;4;2;2;2;3;6;1;1;6;3;1;3;1;4;1;1;2,333333333;3,186842105;5;6;6;6;7;6;6;6;6;0,25;7;7;7;7;4;3;3;1;6;1;2;7;7;4,769230769;6,192307692;6;5;5;2;4;4;5;5;4;4,444444444;1,135802469;0
5b934df3754b700001f02469;2;2;5;4;4;4;4;4;4;5;4;4;5;5;4;4;4;2;3;3;3;0,905263158;6;6;6;6;5;5;5;6;5,625;0,234375;4;6;4;6;5;5;3;1;5;5;5;5;5;4,538461538;1,769230769;5;4;5;5;5;4;5;5;5;4,777777778;0,172839506;0
5b94df0a1aea7c00010a9668;1;1;6;6;1;1;1;1;1;6;1;1;7;5;1;1;1;1;1;1;2,666666667;5,039473684;5;7;7;7;5;6;3;3;5,375;2,484375;7;7;2;7;4;1;1;1;3;1;3;4;3;3,384615385;5,423076923;5;4;3;2;3;3;2;3;3;3,111111111;0,765432099;0
5bd4c1d09afb5b00015c5bdd;2;3;7;7;4;5;3;2;6;7;4;2;2;1;3;6;5;2;2;2;4;3,986842105;6;6;7;6;6;7;6;5;6,125;0,359375;4;5;4;6;1;1;1;1;6;1;4;7;7;3,692307692;5,897435897;5;3;5;5;6;6;6;6;6;5,333333333;0,888888889;0
5bd53e291c0e3400016fe8c6;1;1;3;6;7;2;2;1;5;7;1;1;7;6;1;2;4;1;1;2;1,666666667;5,628947368;7;7;6;5;4;5;5;6;5,625;0,984375;7;7;1;7;3;5;2;1;5;2;3;5;2;3,846153846;5,141025641;5;6;5;3;4;2;5;2;3;3,888888889;1,87654321;0
5bd86fa87ac7a40001e039ee;1;2;7;7;7;1;2;5;5;7;1;1;1;4;1;3;3;1;1;1;3,333333333;5,839473684;6;4;7;7;5;6;5;6;5,75;0,9375;7;7;1;7;4;1;1;1;7;1;4;6;5;4;7,166666667;7;7;7;7;7;7;7;7;7;7;0;1
5bd9fed6780d50000109c503;1;1;5;1;2;1;5;1;1;7;1;1;7;7;1;6;1;4;1;1;2,333333333;5,986842105;1;5;5;6;7;7;7;6;5,5;3,5;7;7;7;7;1;4;2;1;5;3;7;7;4;4,769230769;5,858974359;5;5;6;6;6;5;5;6;5;5,444444444;0,24691358;0
5bdb75822562330001b8ae03;2;2;5;5;3;3;3;4;3;5;3;3;3;6;2;6;5;4;4;4;3;1,565789474;5;6;5;5;6;5;5;5;5,25;0,1875;6;5;4;7;1;1;2;1;4;2;4;5;5;3,615384615;4,08974359;6;6;6;6;5;5;5;5;5;5,444444444;0,24691358;0
5be1fa42a769b70001d43d20;5;4;7;5;4;4;4;4;4;7;5;4;5;5;4;5;4;6;4;4;5,333333333;0,957894737;4;7;7;7;7;7;7;7;6,625;0,984375;6;7;5;5;4;5;4;1;5;1;6;7;5;4,692307692;3,564102564;5;5;5;4;5;4;5;4;4;4,555555556;0,24691358;0
5be2cdef16d2e20001535bac;2;2;6;6;6;5;5;3;4;7;2;2;3;6;2;6;3;2;2;2;3,333333333;3,431578947;5;7;7;6;5;6;4;6;5,75;0,9375;5;6;3;5;1;4;4;1;6;4;4;4;4;3,923076923;2,41025641;5;5;5;4;4;4;4;4;6;4,555555556;0,469135802;0
5be87e33a14b540001aa2ea5;1;1;3;3;5;4;2;1;2;4;1;1;3;5;1;4;2;1;1;2;1,666666667;2,028947368;7;7;5;6;7;5;2;6;5,625;2,484375;7;7;5;7;5;6;7;1;2;1;5;6;7;5,076923077;5,243589744;4;5;2;4;4;5;6;6;6;4,666666667;1,555555556;0
5be89ff4d153f500019aa86f;1;2;6;2;2;2;3;1;3;4;1;6;3;7;6;2;3;1;1;3;3;3,628947368;5;7;6;6;5;5;5;6;5,625;0,484375;6;7;7;7;1;3;1;1;7;1;2;3;5;3,923076923;6,91025641;6;7;7;6;7;7;7;7;7;6,777777778;0,172839506;0
5be95af71ca46b0001862746;2;2;6;6;4;2;3;3;5;7;3;3;5;7;3;5;3;5;2;2;3,333333333;2,936842105;2;6;6;5;5;5;5;6;5;1,5;6;6;3;2;2;4;5;1;6;3;5;5;6;4,153846154;3,141025641;6;6;6;5;7;5;5;5;4;5,444444444;0,691358025;0
5beb8419aec9ef0001e9d5fb;2;2;3;3;2;2;2;2;2;3;2;2;3;3;2;3;2;2;2;2;2,333333333;0,221052632;4;7;7;7;7;7;5;7;6,375;1,234375;7;7;1;7;7;4;7;1;4;4;1;4;1;4,230769231;6,692307692;7;1;4;1;1;1;1;1;1;2;4;0
5bef695d6e213a000137c6ea;1;1;7;7;5;1;3;3;5;7;1;3;7;5;4;7;3;7;1;1;3;6,05;7;7;7;7;7;7;7;7;7;0;7;7;1;7;1;4;4;1;7;1;1;7;7;4,230769231;8,192307692;7;7;7;7;7;7;7;7;7;7;0;1
5bf0fc561e78580001dc43c3;4;4;6;6;4;4;4;5;4;5;1;5;5;2;4;4;5;5;5;5;4,666666667;1,397368421;4;5;7;7;7;7;4;6;5,875;1,609375;1;7;7;7;1;3;4;1;6;5;4;6;7;4,538461538;5,769230769;6;6;6;4;2;3;6;6;6;5;2,222222222;0
5bf2eb0cf77fed00011d5226;2;2;6;4;6;5;6;2;4;7;2;2;4;5;2;4;2;2;2;2;3,333333333;3,102631579;4;7;6;4;5;4;4;5;4,875;1,109375;7;7;4;7;3;2;2;1;6;2;3;5;6;4,230769231;4,858974359;5;6;6;7;5;5;6;6;7;5,888888889;0,543209877;0
5bf308873a46830001a64a09;1;1;7;5;7;1;1;1;1;7;1;1;1;5;1;1;1;1;1;1;3;5,589473684;4;7;7;7;7;7;4;4;5,875;2,109375;7;7;4;7;5;5;4;1;4;4;1;5;4;4,461538462;3,769230769;7;4;5;5;5;5;6;6;6;5,444444444;0,691358025;0
5bf412a4e836680001bcaf14;2;2;2;2;4;3;2;2;2;6;2;2;4;4;2;5;3;6;2;2;2;1,944736842;6;6;6;6;6;6;6;6;6;0;6;6;6;6;4;4;4;1;4;2;6;6;6;4,692307692;2,897435897;2;5;5;6;6;6;6;6;6;5,333333333;1,555555556;1
5bfaed16e2562a0001ce0ff4;4;3;4;3;2;2;2;3;2;1;1;2;2;2;1;1;2;3;2;1;3,666666667;0,871052632;5;7;6;7;6;6;7;6;6,25;0,4375;7;1;7;7;5;6;5;1;5;6;6;5;6;5,153846154;3,974358974;6;5;6;6;5;6;5;6;5;5,555555556;0,24691358;0
5bfd96247f7968000187fabb;1;1;7;5;5;6;3;2;4;7;3;3;7;5;3;7;4;4;2;1;3;4,315789474;7;7;7;5;4;3;5;5;5,375;1,984375;7;7;1;7;7;2;1;1;2;6;3;2;1;3,615384615;7,256410256;5;7;7;7;7;6;6;6;5;6,222222222;0,617283951;0
5bfe8696ee43d800010a6fc7;1;1;7;6;6;4;3;2;4;6;1;1;4;6;1;4;5;4;2;1;3;4,365789474;4;7;7;5;5;5;3;4;5;1,75;7;7;7;7;3;4;1;1;5;1;4;7;7;4,692307692;6,397435897;3;4;5;5;5;5;5;5;5;4,666666667;0,444444444;0
5bffdf0e41390f0001d01fea;2;2;6;5;4;1;2;3;5;6;2;2;4;5;4;5;5;6;4;2;3,333333333;2,618421053;5;6;7;5;5;6;6;7;5,875;0,609375;7;7;5;7;2;5;2;1;4;4;3;5;6;4,461538462;4,102564103;7;6;6;5;5;4;6;6;7;5,777777778;0,839506173;0
5c049e9bad9a9700011b877b;2;2;7;6;6;5;3;3;5;6;3;3;6;6;3;5;3;6;2;2;3,666666667;3,010526316;6;5;5;5;4;5;5;6;5,125;0,359375;7;7;7;7;5;2;2;1;5;3;2;5;5;4,461538462;4,935897436;5;6;6;6;6;6;6;7;6;6;0,222222222;0
5c05076379650700010ddb35;1;1;7;6;4;4;1;1;1;5;1;1;1;1;1;3;2;1;1;1;3;3,747368421;6;7;7;5;7;7;7;6;6,5;0,5;7;5;4;4;5;4;2;1;2;1;4;4;3;3,538461538;2,935897436;7;3;3;1;4;2;2;2;2;2,888888889;2,765432099;0
5c0da14d656168000159da7a;1;1;7;2;4;3;5;1;2;2;3;2;4;5;2;3;2;1;2;2;3;2,536842105;5;7;6;6;7;7;7;7;6,5;0,5;7;7;7;7;1;2;2;1;1;2;4;7;7;4,230769231;7,692307692;4;5;5;4;7;7;5;6;5;5,333333333;1,111111111;0
5c0ebf81857373000152ed32;1;1;4;4;6;6;1;1;5;7;1;1;3;5;1;4;1;1;1;1;2;4,618421053;7;7;7;7;4;7;7;7;6,625;0,984375;4;7;1;1;1;1;4;1;4;4;4;7;4;3,307692308;4,730769231;4;6;6;6;6;6;7;6;6;5,888888889;0,543209877;0
5c0fcccc1f6f150001487111;1;1;5;6;4;1;1;1;4;7;1;2;5;6;2;2;4;2;1;1;2,333333333;4,239473684;7;4;6;7;6;7;7;7;6,375;0,984375;7;7;6;7;1;1;1;1;4;1;4;5;6;3,923076923;6,743589744;6;7;7;7;7;7;7;7;7;6,888888889;0,098765432;0
5c138299f0c32a00012064cf;1;2;4;4;3;4;3;1;4;7;4;3;3;6;3;6;5;4;4;4;2,333333333;2,302631579;4;5;6;5;7;5;7;5;5,5;1;4;4;4;7;1;1;1;1;7;1;1;6;7;3,461538462;6,769230769;7;7;7;7;7;6;7;7;7;6,888888889;0,098765432;0
5c18259881976400016c9eca;1;2;2;1;2;2;2;2;2;5;2;2;5;2;2;4;1;2;4;3;1,666666667;1,410526316;3;5;3;4;6;5;5;7;4,75;1,6875;1;7;7;7;5;1;1;1;1;6;7;1;1;3,538461538;8,435897436;4;2;2;5;5;5;6;6;6;4,555555556;2,24691358;0
5c1ac1c637dd01000114e36a;1;1;7;7;5;3;1;1;3;3;1;1;5;1;1;4;1;1;1;1;3;4,365789474;3;6;6;4;3;3;4;4;4,125;1,359375;6;6;3;6;3;6;5;1;5;2;6;6;6;4,692307692;3,230769231;6;7;7;6;6;6;7;7;7;6,555555556;0,24691358;0
5c1b7fbebdb7e80001834945;2;2;6;6;6;6;5;6;6;7;2;5;5;5;5;5;5;6;5;5;3,333333333;2;1;5;6;6;6;6;6;2;4,75;3,6875;7;7;7;7;2;5;2;1;4;2;6;6;4;4,615384615;5,08974359;2;5;5;5;5;6;2;3;3;4;2;0
5c1b80a173782100015ed196;1;1;5;1;3;1;1;3;1;5;1;1;1;1;1;1;1;3;1;1;2,333333333;1,8;6;7;7;5;7;7;4;7;6,25;1,1875;7;7;7;7;6;4;5;1;4;3;7;7;5;5,384615385;3,756410256;7;5;3;3;6;1;7;3;4;4,333333333;3,777777778;0
5c1bbdb5e986890001dc5075;4;4;7;6;6;6;4;4;4;6;3;4;6;5;6;4;4;6;4;4;5;1,292105263;5;6;5;5;5;3;3;6;4,75;1,1875;4;2;5;7;5;2;5;1;3;2;5;5;5;3,923076923;3,076923077;5;5;5;6;6;6;5;6;6;5,555555556;0,24691358;0
5c1e9f51cf15f7000165a552;2;2;6;3;3;1;2;2;2;6;2;3;3;6;3;5;2;3;4;2;3,333333333;2,305263158;7;6;7;7;7;7;7;7;6,875;0,109375;7;7;4;7;7;6;1;1;7;2;4;6;7;5,076923077;5,743589744;4;4;7;4;6;4;7;6;7;5,444444444;1,802469136;0
5c2805401d4eb70001177bfc;3;3;4;6;6;5;5;3;5;7;4;4;5;6;5;5;5;6;5;5;3,333333333;1,186842105;7;7;7;7;7;7;7;7;7;0;7;7;2;7;4;4;2;1;4;2;2;4;2;3,692307692;4,564102564;6;6;6;5;6;6;7;7;7;6,222222222;0,395061728;1
5c28113978fad50001932f58;1;1;7;4;4;4;1;1;4;7;1;1;7;7;1;1;4;1;1;1;3;5,944736842;4;7;7;7;7;7;4;7;6,25;1,6875;4;7;7;7;1;4;4;1;4;4;6;6;6;4,692307692;4,230769231;4;4;4;3;5;5;5;5;5;4,444444444;0,469135802;0
5c2a1f3667d56300016a3b97;7;7;7;7;7;7;7;7;7;7;7;7;7;7;7;7;7;7;7;7;7;0;1;1;1;1;1;1;1;1;1;0;7;7;7;1;1;1;1;1;7;1;7;7;7;4,230769231;9,692307692;7;7;7;7;7;7;7;7;7;7;0;1
5c2bdb9967278800017a6523;3;3;7;7;2;2;5;5;6;7;2;3;6;5;3;3;7;6;5;3;4,333333333;3,421052632;4;6;6;5;6;4;5;5;5,125;0,609375;7;7;7;7;1;1;1;1;7;1;2;3;7;4;8,666666667;5;7;7;5;5;5;7;7;6;6;0,888888889;0
5c2c62542c45d400014a32e6;4;4;7;4;5;7;4;4;4;7;4;6;6;7;4;4;5;4;4;4;5;1,568421053;4;7;7;7;5;7;5;7;6,125;1,359375;7;7;4;7;3;5;4;1;5;1;7;6;7;4,923076923;4,91025641;5;7;6;6;6;5;6;6;6;5,888888889;0,320987654;0
5c2e190fa3e23b00017a3dff;2;2;5;4;4;3;3;3;3;6;4;3;5;5;3;4;4;3;3;3;3;1,094736842;7;5;5;4;5;5;6;5;5,25;0,6875;5;6;3;2;6;5;5;1;2;5;5;5;5;4,230769231;2,692307692;3;3;2;2;2;2;2;2;3;2,333333333;0,222222222;0
5c2f5778374f7300013d1946;4;6;6;4;6;4;3;6;3;4;4;4;6;1;5;3;1;3;4;4;5,333333333;2,260526316;2;5;5;4;3;5;5;6;4,375;1,484375;5;2;3;5;6;4;5;1;4;3;5;5;4;4;2;5;5;3;2;5;2;5;3;5;3,888888889;1,654320988;0
5c3121268c6d820001abed7c;2;2;7;6;5;4;3;1;3;7;2;3;2;2;4;3;4;1;1;4;3,666666667;3,378947368;2;7;7;7;5;6;7;4;5,625;2,984375;5;6;2;7;1;4;4;1;5;4;4;5;5;4,076923077;3,243589744;6;6;4;5;5;4;3;4;2;4,333333333;1,555555556;0
5c31324b197e6300016fa75c;3;4;6;7;7;3;2;2;5;6;2;3;1;4;2;5;2;2;3;4;4,333333333;3,292105263;7;5;3;5;6;2;6;7;5,125;2,859375;6;6;5;6;5;6;7;1;6;5;6;7;7;5,615384615;2,423076923;5;5;6;6;4;5;3;5;4;4,777777778;0,839506173;0
5c331d41fe0dca000110c862;2;2;5;5;4;4;3;3;3;6;2;2;5;5;2;4;2;4;2;2;3;1,818421053;2;6;5;5;7;3;4;6;4,75;2,4375;6;7;4;7;2;4;3;1;6;3;3;5;6;4,384615385;3,756410256;6;5;5;5;5;5;6;5;4;5,111111111;0,320987654;0
5c38d2e708510f0001445b61;1;2;6;6;5;5;6;4;5;5;2;5;5;5;4;5;3;4;5;4;3;1,923684211;5;6;5;6;6;5;6;6;5,625;0,234375;6;7;7;7;3;3;5;1;4;4;6;7;6;5,076923077;3,743589744;4;5;5;4;5;5;6;5;5;4,888888889;0,320987654;0
5c3947291084f30001a00781;1;1;5;5;2;7;4;4;7;7;3;3;3;3;3;4;2;2;2;2;2,333333333;3,526315789;5;5;3;5;6;5;5;5;4,875;0,609375;4;7;4;1;2;1;1;1;7;1;3;6;5;3,307692308;5,564102564;4;4;4;5;5;4;6;4;6;4,666666667;0,666666667;0
5c3a179abef9a20001e421b5;1;1;1;1;4;4;1;1;1;5;1;1;6;1;1;4;1;1;1;1;1;2,726315789;5;5;5;6;4;5;5;5;5;0,25;4;7;1;7;3;3;5;1;2;2;2;2;6;3,461538462;4,602564103;6;5;5;5;5;5;5;5;5;5,111111111;0,098765432;0
5c3b07f0688b59000102d44e;4;3;2;2;2;3;6;3;6;7;3;2;5;7;4;7;5;5;3;3;3;3,147368421;5;6;7;4;3;4;6;3;4,75;1,9375;7;7;7;7;7;2;6;1;7;1;2;6;6;5,076923077;6,41025641;6;6;6;6;6;4;6;6;6;5,777777778;0,395061728;0
5c3c89e5e0ea82000145e99a;3;3;6;5;4;3;3;2;4;6;3;3;3;4;3;4;3;2;2;2;4;1,410526316;5;5;3;5;3;5;2;6;4,25;1,6875;5;7;2;7;3;4;5;1;4;3;2;3;3;3,769230769;3,358974359;5;5;5;6;6;6;6;6;6;5,666666667;0,222222222;0
5c3ca6adef1d0d0001b23df7;1;2;4;6;4;1;2;2;3;7;1;1;4;2;1;2;3;1;1;1;2,333333333;3,102631579;2;6;6;6;3;2;3;6;4,25;3,1875;2;7;7;7;1;2;1;1;6;3;3;5;4;3,769230769;5,692307692;6;3;3;5;3;5;3;3;3;3,777777778;1,283950617;0
5c40dea5f374a90001622c8e;1;1;4;5;3;2;4;1;2;6;1;1;4;5;1;4;2;5;2;1;2;2,934210526;5;6;3;5;3;3;3;5;4,125;1,359375;6;7;5;7;3;4;3;1;2;3;4;5;3;4,076923077;3,41025641;5;3;3;5;6;5;6;6;6;5;1,333333333;0
5c4617f10b6d0600018232bb;3;3;7;5;4;5;5;3;4;7;4;3;4;5;3;3;5;3;3;3;4,333333333;1,673684211;2;6;7;6;5;6;5;5;5,25;1,9375;7;7;5;7;3;6;3;1;5;3;3;4;4;4,461538462;3,602564103;4;4;4;3;5;6;6;6;6;4,888888889;1,209876543;0
5c47f8f76d9ae80001a16d2f;3;4;5;5;4;2;3;3;4;5;3;5;4;6;4;6;4;4;3;3;4;1,157894737;7;6;6;5;4;6;5;6;5,625;0,734375;7;6;3;1;1;3;2;1;3;2;6;7;6;3,692307692;5,564102564;5;5;5;4;4;5;5;6;5;4,888888889;0,320987654;0
5c48d7f51f786600018d4dee;1;1;7;5;1;1;1;1;1;5;1;1;1;7;2;7;1;5;1;1;3;5,734210526;7;7;7;7;7;7;7;7;7;0;7;7;4;7;2;6;4;1;7;1;5;7;7;5;5,666666667;3;7;6;7;4;4;7;5;5;5,333333333;2;1
5c49bbbb29245e000149c105;4;4;7;5;4;4;4;3;5;7;3;5;5;6;2;5;3;2;5;3;5;2,010526316;6;7;6;7;7;5;6;6;6,25;0,4375;7;7;4;7;1;4;1;1;7;1;4;6;7;4,384615385;6,923076923;4;6;6;6;6;6;6;7;7;6;0,666666667;0
5c4a3ec9f117b1000134159f;5;5;5;7;4;5;4;5;3;5;2;5;5;5;5;2;2;2;1;2;5;2,576315789;5;5;6;7;7;6;6;5;5,875;0,609375;4;7;4;7;6;6;7;1;6;7;6;4;5;5,384615385;3,08974359;6;6;6;6;6;6;5;6;6;5,888888889;0,098765432;0
5c4de8f726093e000134ee6e;2;2;3;3;2;2;2;2;2;4;2;2;2;3;2;2;2;2;2;2;2,333333333;0,302631579;6;6;6;6;6;6;6;6;6;0;6;6;6;6;2;2;2;1;6;3;6;6;6;4,461538462;4,269230769;5;3;3;5;5;3;3;3;3;3,666666667;0,888888889;1
5c4e9decc477f10001d90ac9;1;1;7;5;3;3;2;1;3;6;3;5;5;2;3;2;3;2;1;1;3;3,207894737;5;6;5;6;6;6;6;5;5,625;0,234375;5;7;4;7;6;5;2;1;3;1;4;3;2;3,846153846;4,307692308;7;7;7;7;7;7;7;7;7;7;0;1
5c5208dee3209c000177e957;1;1;7;5;6;4;1;2;1;7;1;1;2;2;1;2;1;2;1;1;3;4,471052632;4;7;7;6;7;7;4;6;6;1,5;1;7;1;7;5;4;7;1;4;5;6;7;6;4,692307692;5,564102564;4;5;5;4;3;5;7;7;7;5,222222222;1,950617284;0
5c52e314bae2e40001a4c3d1;2;2;6;5;6;5;5;4;5;6;2;2;4;4;2;6;4;3;2;2;3,333333333;2,555263158;5;7;7;7;7;7;7;7;6,75;0,4375;7;7;7;7;1;4;2;1;7;4;6;6;6;5;5,5;5;5;5;5;5;5;5;5;5;5;0;1
5c539971116c770001f11b7b;1;1;7;7;6;6;6;1;6;7;1;1;1;7;1;7;2;6;1;2;3;7,607894737;1;7;7;7;6;6;7;1;5,25;6,1875;6;6;4;7;1;6;4;1;5;1;6;6;7;4,615384615;5,08974359;7;7;7;7;7;7;7;7;7;7;0;1
5c546de9aba7d60001f1eff4;2;2;7;5;5;6;5;4;5;6;3;4;5;5;4;3;4;6;3;2;3,666666667;2,115789474;2;7;7;7;7;7;5;7;6,125;2,859375;5;5;4;7;4;2;4;1;4;5;3;5;4;4,076923077;2,243589744;4;4;6;7;7;7;7;6;7;6,111111111;1,432098765;0
5c5a000eb7edc10001a7ee16;1;2;7;5;1;5;5;2;2;5;2;5;5;2;5;1;1;1;2;2;3,333333333;3,734210526;2;7;7;5;7;3;5;5;5,125;3,109375;7;7;6;7;1;3;2;1;7;3;5;6;6;4,692307692;5,564102564;4;2;5;2;2;2;6;6;6;3,888888889;3,209876543;0
5c5ae4a166c50300015170a8;1;1;3;3;1;1;1;1;1;1;1;1;1;3;1;3;1;1;1;1;1,666666667;0,673684211;7;7;7;4;5;5;5;6;5,75;1,1875;7;7;2;5;2;6;6;1;4;5;7;7;7;5,076923077;4,743589744;2;2;2;2;2;2;3;3;2;2,222222222;0,172839506;0
5c5c91805b87820001c4e5c3;1;1;7;5;1;1;2;2;3;7;3;5;2;1;6;1;1;1;1;1;3;4,673684211;5;7;6;6;6;6;6;7;6,125;0,359375;7;7;7;7;1;1;1;1;7;1;7;7;7;4,692307692;9,230769231;7;7;7;7;7;7;7;7;7;7;0;1
5c5eb5f38f58370001393878;3;3;6;4;3;3;3;5;4;5;3;6;4;2;6;1;3;5;5;4;4;1,884210526;2;6;6;6;6;6;6;4;5,25;1,9375;7;7;7;7;2;2;1;1;7;1;4;7;7;4,615384615;7,756410256;4;4;6;3;5;4;7;6;6;5;1,555555556;0
5c66bbd0d0fb37000172fdfe;2;2;7;3;3;2;2;2;2;7;2;2;4;4;2;3;2;2;2;2;3,666666667;2,45;5;5;5;5;5;5;5;6;5,125;0,109375;5;7;4;7;1;1;1;1;5;3;4;4;5;3,692307692;4,730769231;6;7;7;7;7;7;7;7;7;6,888888889;0,098765432;0
5c675fad8f100a000107e249;4;4;5;3;5;4;4;4;4;4;5;5;6;6;6;4;4;3;3;4;4,333333333;0,871052632;4;5;6;6;5;5;4;4;4,875;0,609375;5;6;6;5;5;5;5;1;4;4;4;5;5;4,615384615;1,58974359;4;4;5;5;6;6;5;4;4;4,777777778;0,617283951;0
5c698d07effdaa0001d791cd;1;1;7;5;2;2;1;1;4;5;3;3;5;4;5;3;3;3;2;2;3;2,831578947;6;7;7;4;4;3;5;4;5;2;7;7;7;7;4;5;3;1;4;2;4;4;4;4,538461538;3,935897436;4;6;4;5;6;4;5;4;6;4,888888889;0,765432099;0
5c6a5469a3b8830001beec7f;1;1;7;5;3;3;3;3;4;7;3;5;4;4;4;4;4;4;3;2;3;2,431578947;6;6;7;6;5;6;6;6;6;0,25;7;7;7;7;4;3;4;1;4;1;4;4;4;4,384615385;4,423076923;7;7;7;7;7;7;7;7;7;7;0;1
5c6b646349b7f0000120b659;1;1;4;4;2;1;1;1;3;7;1;1;4;4;1;2;3;1;1;1;2;2,8;7;7;7;7;7;7;7;7;7;0;7;7;7;7;1;4;1;1;4;1;7;7;7;4,692307692;7,730769231;5;7;7;7;7;7;7;7;7;6,777777778;0,395061728;1
5c6c08c5d9c1580001ce9aab;1;1;6;6;2;2;2;2;3;6;3;2;2;2;2;3;4;1;2;1;2,666666667;2,660526316;5;6;6;5;5;4;4;4;4,875;0,609375;7;7;2;7;2;3;4;1;6;4;5;5;5;4,461538462;4,102564103;4;5;5;4;4;3;5;5;5;4,444444444;0,469135802;0
5c6fd4307a844e0001b2eb29;1;1;7;6;4;3;1;1;2;7;3;1;4;6;1;4;2;1;1;1;3;4,765789474;2;7;5;6;4;5;5;3;4,625;2,234375;7;7;5;7;1;4;7;1;2;3;2;1;1;3,692307692;6,730769231;5;7;1;6;6;6;7;2;7;5,222222222;4,395061728;0
5c6fe83f2b44fc000115f3b9;2;2;6;4;3;3;1;2;2;6;3;1;6;4;1;5;2;3;1;1;3,333333333;3,042105263;6;7;5;6;6;6;2;5;5,375;1,984375;6;1;6;7;1;1;3;1;6;7;6;4;6;4,230769231;6,192307692;4;3;4;2;4;6;6;5;6;4,444444444;1,802469136;0
5c712aef1cf0120001bf9ae3;1;1;7;6;6;2;2;4;2;5;1;3;7;3;4;3;4;6;5;2;3;4,010526316;3;7;7;5;7;7;7;7;6,25;1,9375;7;7;1;7;5;7;7;1;2;2;1;6;2;4,230769231;7,358974359;5;6;6;6;5;6;6;6;6;5,777777778;0,172839506;0
5c7135f1bd8e00000172fdf5;5;5;7;5;7;7;4;6;7;7;5;7;6;4;5;5;7;5;5;4;5,666666667;1,292105263;1;5;1;1;5;5;1;6;3,125;4,609375;1;7;7;7;1;1;1;1;7;4;4;7;7;4,230769231;8,192307692;7;7;7;7;7;7;7;7;7;7;0;1
5c734fc4f11dda0001ff60cf;1;1;6;6;5;1;1;1;3;6;1;1;6;4;1;2;3;1;1;1;2,666666667;4,357894737;2;6;6;5;6;6;6;5;5,25;1,6875;6;6;1;7;5;3;6;1;3;4;2;3;5;4;4;6;6;6;6;6;6;6;6;6;6;0;1
5c745153d11c1200017c9f87;3;1;7;7;4;3;2;2;2;7;2;2;6;6;2;5;3;4;2;2;3,666666667;4,042105263;4;6;6;6;6;5;5;4;5,25;0,6875;7;7;4;7;4;4;4;1;3;3;3;3;4;4,153846154;3,307692308;4;5;5;5;5;5;5;5;5;4,888888889;0,098765432;0
5c745ec64e199a001230c7f7;2;3;5;3;3;3;4;2;3;6;3;3;4;6;3;5;3;4;2;3;3,333333333;1,421052632;3;5;6;6;6;7;6;7;5,75;1,4375;2;7;4;7;3;4;2;1;4;1;3;4;5;3,615384615;3,756410256;5;6;4;6;5;7;7;6;6;5,777777778;0,839506173;0
5c766ec88b00ca00164c0500;2;2;6;5;7;5;4;2;6;7;2;2;5;3;2;6;2;6;2;2;3,333333333;3,884210526;2;7;6;7;7;7;7;3;5,75;3,6875;6;7;5;7;3;4;5;1;6;1;5;6;6;4,769230769;4,025641026;6;6;6;5;5;5;6;6;6;5,666666667;0,222222222;0
5c82a8cdfff8430015e9942f;1;1;5;5;6;5;3;1;6;7;2;1;2;6;2;2;5;1;1;1;2,333333333;4,765789474;2;7;7;6;7;7;7;6;6,125;2,609375;7;7;7;7;1;2;1;1;5;2;6;7;7;4,615384615;7,423076923;4;2;2;1;1;2;1;3;2;2;0,888888889;0
5c84002036f2450001c86167;3;4;6;5;6;5;4;3;5;5;5;5;4;5;5;5;4;4;4;4;4,333333333;0,681578947;6;6;6;5;5;6;5;5;5,5;0,25;5;6;5;6;5;6;2;1;5;6;3;4;4;4,461538462;2,602564103;6;6;5;3;5;5;5;5;6;5,111111111;0,765432099;0
5c84014bd34170000141b8d6;1;1;6;6;4;6;5;2;6;6;4;4;5;6;3;6;5;4;2;2;2,666666667;3,221052632;6;6;6;3;6;2;4;6;4,875;2,359375;3;5;3;7;6;4;3;1;3;6;4;5;6;4,307692308;2,897435897;4;4;6;4;6;5;5;6;7;5,222222222;1,061728395;0
5c85010127f8cb0016c93b02;1;1;7;6;5;5;3;5;2;7;1;2;5;3;2;3;2;3;4;2;3;3,734210526;5;7;5;4;5;4;5;3;4,75;1,1875;7;7;7;7;4;6;6;1;2;1;1;2;2;4,076923077;6,91025641;7;6;5;5;6;5;6;6;6;5,777777778;0,395061728;0
5c851854f9d18a00165561b6;2;2;7;2;2;2;4;1;2;7;1;1;4;1;3;1;1;4;2;2;3,666666667;3,313157895;5;5;6;5;5;5;4;6;5,125;0,359375;4;1;1;4;1;4;5;1;5;4;4;4;4;3,230769231;2,525641026;6;5;5;5;5;6;5;6;6;5,444444444;0,24691358;0
5c854499f29fd90001a2c6c0;4;2;7;4;4;3;3;3;3;3;2;3;6;5;2;3;5;3;2;3;4,333333333;1,842105263;7;7;7;7;3;4;4;2;5,125;3,859375;3;4;5;4;6;5;4;1;5;6;4;3;3;4,076923077;1,91025641;6;4;5;3;5;7;4;5;6;5;1,333333333;0
5c86a1d397d50d0001d81b0c;2;2;6;4;2;4;3;4;2;4;2;4;4;2;4;2;2;3;3;2;3,333333333;1,313157895;3;6;6;5;6;6;5;6;5,375;0,984375;4;3;6;1;1;3;2;1;7;3;6;6;4;3,615384615;4,423076923;6;5;5;6;5;6;5;6;5;5,444444444;0,24691358;0
5c8ab4225b8132001749d125;3;3;7;7;7;2;2;2;3;7;1;2;3;7;1;4;1;6;5;2;4,333333333;5,25;5;7;7;7;6;5;7;6;6,25;0,6875;7;7;7;7;1;1;1;1;7;2;3;6;6;4,307692308;7,730769231;6;5;5;6;7;7;7;7;7;6,333333333;0,666666667;0
5c8b6b1fd721020014335b94;1;1;7;6;2;4;2;2;2;7;2;4;7;6;4;4;3;5;6;3;3;4,2;6;7;6;4;2;2;4;7;4,75;3,6875;7;7;6;1;3;6;6;1;2;4;3;4;5;4,230769231;4,525641026;4;6;7;6;5;6;5;6;6;5,666666667;0,666666667;0
5c8bbcad1200240017bb239a;5;5;7;6;5;1;2;2;4;5;1;1;5;5;5;6;5;5;5;5;5,666666667;3,25;7;7;7;3;3;5;5;4;5,125;2,609375;4;7;4;7;1;1;1;1;1;1;4;4;5;3,153846154;5,307692308;4;7;7;7;7;7;7;7;7;6,666666667;0,888888889;0
5c8bc7a70c41e800110869f4;2;2;5;5;4;3;6;4;3;7;5;4;6;7;4;7;3;6;4;4;3;2,471052632;5;6;7;7;6;5;6;7;6,125;0,609375;5;5;6;2;5;3;5;1;3;4;7;4;1;3,923076923;3,41025641;1;7;6;6;6;6;7;7;7;5,888888889;3,209876543;0
5c8f66153e08e20016d09b26;7;6;2;2;5;2;5;4;5;4;1;5;4;3;5;5;6;3;4;5;5;2,45;5;6;5;7;7;6;7;2;5,625;2,484375;1;7;7;7;2;6;2;1;4;2;7;7;5;4,461538462;6,435897436;6;3;3;1;5;4;5;5;7;4,333333333;2,888888889;0
5c90997b40ad6c00013c711e;1;1;3;3;2;1;3;2;2;5;1;1;6;5;1;5;2;1;5;4;1,666666667;2,957894737;4;7;5;5;5;5;5;5;5,125;0,609375;6;7;4;7;1;2;1;1;7;7;2;4;6;4,230769231;6,525641026;6;6;6;6;6;5;5;5;5;5,555555556;0,24691358;0
5c9295ebec114b0015418738;4;4;7;4;6;4;4;4;4;7;4;4;6;5;5;4;5;4;5;4;5;1,063157895;4;4;4;4;4;4;4;4;4;0;4;4;4;4;4;1;1;1;4;1;4;4;4;3,076923077;2,076923077;4;4;4;4;4;4;4;4;4;4;0;1
5c95731b590ab8001514f655;3;3;7;7;7;6;5;3;6;7;3;3;5;5;4;7;6;2;2;3;4,333333333;3,378947368;5;6;6;7;7;7;7;7;6,5;0,5;7;7;6;7;4;4;3;1;4;4;5;5;5;4,769230769;3,025641026;5;6;6;6;6;7;7;7;7;6,333333333;0,444444444;0
5c97f7ed18a759001648027a;2;2;4;4;5;5;4;2;4;5;3;3;3;3;3;5;3;2;2;3;2,666666667;1,186842105;5;7;6;6;3;3;4;5;4,875;1,859375;6;7;2;7;3;2;1;1;6;2;3;3;4;3,615384615;4,756410256;4;3;3;3;3;4;3;4;4;3,444444444;0,24691358;0
5c9b4f2f9ca7f60001256bcf;1;1;7;7;5;6;1;1;2;7;3;1;7;5;1;5;1;5;3;1;3;6,157894737;6;7;7;7;7;4;5;6;6,125;1,109375;5;7;5;7;3;4;3;1;5;3;7;7;7;4,923076923;4,076923077;7;7;7;7;7;7;7;7;7;7;0;1
5c9b7866a1bfdf00165c5bd7;2;2;7;5;4;2;3;3;5;6;6;7;5;4;7;4;5;3;6;7;3,666666667;3,081578947;4;6;7;6;5;6;6;7;5,875;0,859375;6;7;1;7;7;3;2;1;3;2;7;7;7;4,615384615;6,756410256;6;5;6;7;6;6;5;6;6;5,888888889;0,320987654;0
5ca7050c6fa13f00199cc2d4;1;1;7;5;4;4;3;3;4;7;4;5;6;6;4;4;4;3;2;2;3;2,997368421;4;6;6;7;7;5;6;4;5,625;1,234375;7;7;7;7;1;2;1;1;6;3;4;6;4;4,307692308;6,230769231;4;5;5;5;5;5;5;5;6;5;0,222222222;0
5ca9ef65cb94800019860586;1;1;7;6;3;3;3;2;5;6;2;7;2;2;7;2;3;4;2;2;3;4,263157895;5;7;6;5;5;6;7;6;5,875;0,609375;7;7;7;7;2;5;2;1;7;6;4;5;5;5;4,666666667;4;3;1;1;1;1;2;4;3;2,222222222;1,50617284;0
5caa11e5a15c9800161ad16d;1;1;7;3;3;3;1;1;2;6;1;1;1;3;1;3;2;1;1;1;3;2,976315789;7;6;6;5;5;3;3;4;4,875;1,859375;1;7;1;7;4;3;3;1;3;5;5;4;5;3,769230769;4,192307692;5;5;5;5;5;5;5;5;5;5;0;1
5caa1d2a4be4c60001efca92;2;1;7;7;5;3;3;2;3;7;1;4;4;1;4;4;3;3;1;1;3,333333333;4,010526316;5;6;6;4;3;5;6;7;5,25;1,4375;7;7;7;7;2;4;4;1;6;5;3;4;7;4,923076923;4,41025641;7;7;7;7;7;7;7;7;7;7;0;1
5cac76acd6a3130016e3542b;2;2;7;6;4;4;2;4;4;7;3;3;6;3;3;6;6;5;5;3;3,666666667;2,723684211;2;5;5;5;5;5;5;4;4,5;1;6;6;6;6;3;3;5;1;4;3;5;5;4;4,384615385;2,423076923;5;5;5;5;6;5;5;5;5;5,111111111;0,098765432;0
5cb04fb1fdc8a300131bc6dd;2;2;6;5;4;6;6;4;5;6;2;6;5;3;6;2;4;2;3;5;3,333333333;2,589473684;6;5;6;5;7;5;6;4;5,5;0,75;4;6;3;5;3;7;3;1;6;4;4;3;4;4,076923077;2,576923077;6;4;5;4;2;2;5;7;6;4,555555556;2,691358025;0
5cb19af6c642510015463de2;1;1;7;1;5;1;2;1;5;7;1;1;1;1;1;1;1;1;1;1;3;4,365789474;6;7;7;7;7;7;7;7;6,875;0,109375;1;7;1;7;1;7;4;1;4;3;4;6;7;4,076923077;6,41025641;4;5;5;5;5;4;5;4;4;4,555555556;0,24691358;0
5cb23be15c3c93000184f27a;2;2;6;6;1;2;3;1;1;4;1;2;6;7;2;4;3;6;1;1;3,333333333;4,365789474;6;6;7;3;3;5;2;6;4,75;2,9375;5;6;2;5;6;6;4;1;4;5;2;2;1;3,769230769;3,692307692;7;7;6;7;7;7;7;6;7;6,777777778;0,172839506;0
5cb3401c466ba1000125ed49;2;2;6;5;4;2;2;2;2;4;2;2;2;2;2;4;3;2;2;2;3,333333333;1,484210526;3;7;7;7;7;7;7;7;6,5;1,75;7;7;7;7;3;4;2;1;5;4;4;6;5;4,769230769;4,025641026;3;4;4;4;4;4;5;6;6;4,444444444;0,913580247;0
5cbe2b5ecca5e80001e7d603;2;2;6;5;2;2;2;4;2;5;2;2;5;7;3;3;2;2;2;2;3,333333333;2,621052632;4;4;7;7;7;4;7;1;5,125;4,359375;6;5;4;7;2;4;2;1;4;2;6;4;2;3,769230769;3,525641026;6;6;6;6;5;6;5;6;6;5,777777778;0,172839506;0
5cc6d3c83a571a0001dfba80;2;2;4;5;3;5;4;4;4;6;2;2;2;2;2;2;2;2;2;2;2,666666667;1,734210526;2;2;6;6;6;5;6;4;4,625;2,734375;7;7;1;7;5;3;3;1;2;7;4;4;4;4,230769231;5,025641026;4;4;5;5;6;6;6;5;6;5,222222222;0,617283951;0
5cc86317cebd350001f67ed8;3;3;6;4;6;2;2;2;2;6;2;2;2;2;2;4;2;2;2;2;4;2,2;6;6;6;4;4;6;6;6;5,5;0,75;7;7;1;7;1;1;1;1;1;1;7;7;7;3,769230769;9,692307692;4;5;5;5;5;5;5;5;5;4,888888889;0,098765432;0
5cd01e707e84a20017fddc02;1;1;4;1;1;1;1;1;1;7;1;1;4;1;1;1;1;1;1;1;2;2,463157895;4;5;6;7;4;4;5;5;5;1;7;7;1;1;1;1;1;1;5;1;1;7;7;3,153846154;8,307692308;4;5;5;6;6;6;6;6;7;5,666666667;0,666666667;0
5cd063ce657e300016f6c95a;1;1;5;4;3;1;3;1;2;6;2;1;5;5;2;5;3;1;1;1;2,333333333;3,081578947;5;7;6;6;3;5;6;3;5,125;1,859375;1;1;1;7;1;4;3;1;6;2;2;3;4;2,769230769;4,025641026;5;7;7;6;7;7;7;7;7;6,666666667;0,444444444;0
5cd2216e8ce8420017faae1f;1;1;7;5;2;1;1;1;5;7;1;1;6;1;1;1;1;1;1;1;3;5,063157895;7;7;7;7;7;7;7;7;7;0;5;6;6;5;5;5;4;1;5;5;4;4;4;4,538461538;1,602564103;6;5;6;5;6;5;5;5;6;5,444444444;0,24691358;1
5cd473323e03c6001518affe;2;1;6;5;4;4;3;1;5;7;3;2;6;5;2;6;5;5;3;2;3;3,292105263;7;5;6;7;7;7;3;7;6,125;1,859375;7;7;7;7;4;4;5;1;4;1;2;3;7;4,538461538;5,435897436;7;7;7;7;7;7;7;7;7;7;0;1
5cd6ba1d36870e001901b349;1;1;6;5;5;5;3;3;5;7;4;4;5;5;4;3;5;4;2;3;2,666666667;2,421052632;5;7;6;6;4;3;5;6;5,25;1,4375;7;7;7;7;2;4;4;1;3;2;5;5;5;4,538461538;4,435897436;1;2;3;2;2;2;2;2;2;2;0,222222222;0
5cd706eb0f0de600158e7316;2;2;7;7;6;2;5;2;6;7;6;3;7;4;4;3;3;3;1;1;3,666666667;4,576315789;6;3;5;6;5;1;1;6;4,125;4,109375;7;7;6;7;2;1;1;1;6;1;3;6;6;4,153846154;6,974358974;7;7;7;7;7;7;7;7;7;7;0;1
5cd8c94c99e9d00001465e35;3;2;5;6;2;1;2;2;3;6;2;2;4;2;2;2;2;1;1;1;3,333333333;2,365789474;3;6;7;6;6;4;5;6;5,375;1,484375;7;7;1;7;2;5;5;1;7;2;2;6;6;4,461538462;6,102564103;3;6;6;4;5;5;6;5;5;5;0,888888889;0
5cd8e69a987ddd00187b7c06;5;4;4;2;5;4;2;3;5;4;4;3;4;4;5;5;4;4;3;4;4,333333333;0,831578947;7;7;7;7;7;7;4;7;6,625;0,984375;5;3;4;7;4;5;4;1;5;6;4;4;5;4,384615385;2,08974359;6;4;2;4;5;3;4;4;4;4;1,111111111;0
5cdc347eb67d650001081beb;1;2;7;5;5;5;2;4;5;7;2;1;4;5;2;3;2;1;5;1;3,333333333;3,944736842;6;6;6;6;7;7;6;5;6,125;0,359375;3;7;5;7;3;3;6;1;3;4;2;4;5;4,076923077;3,41025641;7;7;5;7;7;7;6;6;6;6,444444444;0,469135802;0
5cdc5bc31f7a97001b6e5c31;1;1;7;7;5;2;2;1;2;6;1;3;1;1;1;1;1;1;1;1;3;4,536842105;7;5;5;5;5;6;6;6;5,625;0,484375;5;7;4;7;3;5;4;1;3;3;3;3;3;3,923076923;2,91025641;5;5;5;5;5;6;6;6;6;5,444444444;0,24691358;0
5cde8864a147210015aefe63;1;1;7;6;1;1;1;1;1;7;1;1;6;6;1;1;1;1;1;1;3;5,818421053;7;7;7;7;6;1;5;6;5,75;3,6875;7;7;7;7;7;7;4;1;4;2;4;4;5;5,076923077;4,41025641;5;3;3;4;4;5;5;5;5;4,333333333;0,666666667;0
5cdeaec4f45dda0001820e77;2;1;7;5;4;2;2;3;3;5;3;3;2;4;2;3;3;2;2;2;3,333333333;2;4;7;7;4;1;4;4;7;4,75;3,9375;6;4;3;1;2;6;5;1;2;2;5;5;6;3,692307692;3,730769231;5;2;4;4;5;5;3;4;5;4,111111111;0,987654321;0
5cdf314fbb4ac30019597728;1;1;7;2;2;2;1;1;2;5;2;2;4;5;2;2;2;1;1;1;3;2,747368421;7;7;7;7;7;5;7;7;6,75;0,4375;7;7;7;7;2;4;5;1;5;3;4;4;3;4,538461538;4,102564103;5;6;6;5;5;5;5;5;6;5,333333333;0,222222222;0
5ce5c03aed9d610001f603b4;1;1;7;6;1;3;3;2;1;5;1;1;6;5;1;5;1;1;1;1;3;4,660526316;4;5;5;5;5;5;6;6;5,125;0,359375;7;1;2;1;2;4;3;1;2;1;4;6;6;3,076923077;4,576923077;4;5;5;5;5;5;5;5;5;4,888888889;0,098765432;0
5ce5e6c19c40b2001b3a031f;2;2;6;5;2;2;5;2;3;3;1;2;3;2;2;5;3;2;2;2;3,333333333;1,852631579;5;7;7;6;5;6;7;5;6;0,75;7;7;2;7;1;1;1;1;7;1;7;7;7;4,307692308;9,230769231;5;5;5;6;6;6;6;6;6;5,666666667;0,222222222;0
5ce66d8fed9d610001f60772;1;1;7;7;1;1;1;1;1;7;1;1;7;7;1;4;1;1;1;1;3;7,081578947;4;7;7;6;6;7;7;7;6,375;0,984375;7;7;5;7;2;7;2;1;1;1;3;5;1;3,769230769;6,858974359;5;7;7;4;4;4;7;7;7;5,777777778;1,950617284;0
5ce69a5f6ad4e5001c097514;2;2;7;7;7;3;6;6;7;7;2;6;7;7;7;6;7;4;4;4;3,666666667;3,726315789;5;7;7;3;6;7;7;7;6,125;1,859375;7;7;7;7;4;6;5;1;4;2;1;4;4;4,538461538;4,935897436;7;7;7;4;4;5;7;5;7;5,888888889;1,654320988;0
5cec18dbe798630001b6b542;1;1;2;2;3;1;4;1;1;6;1;1;7;6;1;7;1;5;1;1;1,333333333;5,186842105;6;7;7;5;7;5;6;6;6,125;0,609375;7;7;4;7;7;4;4;1;4;2;4;6;6;4,846153846;3,974358974;4;1;1;1;1;1;1;1;1;1,333333333;0,888888889;0
5ced2b44c0267f0001445982;1;1;5;4;1;1;1;1;1;4;1;1;3;1;1;1;1;1;1;1;2,333333333;1,621052632;5;7;7;7;7;7;7;5;6,5;0,75;1;4;1;1;1;1;2;1;2;6;7;2;7;2,769230769;5,692307692;4;4;4;4;4;4;6;4;6;4,444444444;0,691358025;0
5cee7b8aa7e5f800160b5cdd;1;1;7;7;1;2;2;2;2;6;2;1;3;1;1;1;1;1;1;1;3;4,063157895;4;5;7;7;5;4;5;3;5;1,75;7;7;7;7;4;7;4;1;5;1;7;7;6;5,384615385;5,08974359;4;7;6;5;6;7;5;6;7;5,888888889;0,987654321;0
5cef92e0129c290016802122;1;1;5;5;4;2;5;1;4;6;1;3;6;3;2;2;2;3;1;4;2,333333333;2,997368421;4;7;6;6;6;4;6;5;5,5;1;1;7;7;7;4;1;7;1;2;4;5;6;1;4,076923077;6,743589744;4;2;2;2;2;4;3;3;3;2,777777778;0,617283951;0
5cf0514fe92fb100015d25b0;1;2;7;4;5;6;5;5;5;3;3;6;6;1;7;2;3;2;2;2;3,333333333;3,923684211;7;5;6;5;5;6;6;6;5,75;0,4375;1;7;7;7;1;4;3;1;5;2;3;4;3;3,692307692;5,064102564;7;7;7;7;7;7;7;7;7;7;0;1
5cf2b5fb392ca3001a117d96;3;4;7;7;5;5;4;3;5;7;4;3;5;6;4;6;5;4;3;4;4,666666667;1,8;7;5;7;5;5;7;7;7;6,25;0,9375;7;7;7;7;1;1;4;1;7;1;4;6;6;4,538461538;7,102564103;7;7;7;7;7;7;7;7;7;7;0;1
5cf3ec46a14d6b0001cfc029;1;1;7;7;5;5;5;1;5;7;5;5;4;5;5;7;5;6;5;5;3;3,431578947;5;7;7;5;7;6;7;5;6,125;0,859375;5;7;2;7;4;4;4;1;2;1;5;6;6;4,153846154;4,474358974;6;7;7;7;7;7;7;7;7;6,888888889;0,098765432;0
5cf48ebb06fb120001ed0105;4;4;6;4;5;5;4;4;5;6;4;4;6;6;4;5;6;5;6;4;4,666666667;0,765789474;7;7;7;7;7;7;7;7;7;0;7;7;6;7;1;1;1;1;7;1;6;7;6;4,461538462;8,269230769;6;5;4;6;4;6;5;6;6;5,333333333;0,666666667;1
5cf585b139f5f900196c1edb;2;2;6;5;5;6;4;5;5;5;4;6;4;4;6;4;4;3;4;4;3,333333333;1,410526316;6;4;6;5;6;5;6;5;5,375;0,484375;5;7;7;7;2;3;3;1;5;2;5;5;6;4,461538462;4,269230769;4;6;6;6;6;7;7;7;6;6,111111111;0,765432099;0
5cf6bb908e0981001a4cbed8;1;1;1;6;5;5;6;6;5;6;4;4;5;6;4;4;3;6;3;3;1;3,010526316;7;7;7;5;5;6;6;6;6,125;0,609375;5;7;4;7;4;3;6;1;5;2;4;5;5;4,461538462;3,102564103;5;5;5;4;4;5;6;5;5;4,888888889;0,320987654;0
5cf8318919f4a3001a24221e;1;2;7;3;6;5;2;1;6;6;3;4;4;2;5;3;6;1;1;3;3,333333333;3,944736842;5;6;7;7;6;5;7;4;5,875;1,109375;7;7;1;7;4;4;4;1;5;2;3;4;2;3,923076923;4,576923077;2;6;5;6;6;6;7;6;7;5,666666667;2;0
5cf9692566ad600001bb741d;1;2;6;5;5;5;4;5;5;5;3;4;5;5;2;4;5;2;2;2;3;2,239473684;6;6;7;7;7;7;7;5;6,5;0,5;7;7;7;7;4;7;2;1;6;1;5;6;6;5,076923077;5,41025641;4;7;6;7;7;7;7;7;7;6,555555556;0,913580247;0
5cfade7c2e8dc70016e2bac8;5;5;5;4;6;6;6;6;6;4;6;6;5;4;6;4;6;5;5;5;5;0,618421053;3;6;6;5;5;5;4;4;4,75;0,9375;6;6;7;7;7;6;6;1;3;3;7;7;7;5,615384615;3,923076923;7;5;6;4;6;6;5;5;5;5,444444444;0,691358025;0
5cfcbd1a9ba985000103baa4;1;1;2;6;4;1;3;1;3;6;1;1;1;2;1;5;1;1;1;1;1,333333333;3,081578947;2;5;6;6;1;2;1;5;3,5;4,25;7;7;1;7;1;2;3;1;1;1;5;6;7;3,769230769;7,525641026;5;5;3;6;5;3;7;7;5;5,111111111;1,87654321;0
5cfcdca9a2761c0001c65a89;3;3;7;7;6;2;5;3;5;7;3;3;7;7;3;6;2;5;2;2;4,333333333;3,936842105;6;6;6;3;6;2;2;7;4,75;3,6875;6;4;2;6;2;2;2;1;2;2;1;2;5;2,846153846;3,141025641;6;7;7;7;7;7;7;6;7;6,777777778;0,172839506;0
5cfe7510d987a800178eab1a;1;1;6;6;5;3;3;2;5;7;1;2;3;7;2;3;3;4;1;2;2,666666667;4,028947368;5;7;6;5;7;6;6;6;6;0,5;4;7;3;7;5;6;3;1;4;2;6;5;5;4,461538462;3,435897436;5;3;4;2;2;6;4;3;5;3,777777778;1,728395062;0
5cfe957e5995ce00010b837d;7;5;7;1;5;6;4;3;7;4;6;7;3;3;6;1;5;4;5;6;6,333333333;3,460526316;4;7;4;4;7;1;7;7;5,125;4,359375;7;7;7;7;1;7;1;1;7;1;7;6;7;5,076923077;8,076923077;7;7;7;4;7;7;5;7;4;6,111111111;1,654320988;0
5cfebb94eafc4d001a62cbc9;3;3;6;5;4;4;3;3;4;6;3;3;7;5;4;4;4;6;3;3;4;1,607894737;4;5;5;6;6;4;4;3;4,625;0,984375;4;7;4;7;3;2;1;1;5;2;4;5;4;3,769230769;3,858974359;7;7;7;7;7;7;7;7;7;7;0;1
5d0009302d2abc0015392e33;1;1;4;5;3;3;5;4;5;7;4;5;5;6;5;4;5;2;3;1;2;2,831578947;3;6;7;6;4;3;5;6;5;2;6;7;3;2;2;2;3;1;4;3;4;6;7;3,846153846;4,141025641;5;6;5;6;6;6;7;6;7;6;0,444444444;0
5d02b1ce6c69cf00162f5f1a;5;5;4;4;7;4;5;4;6;7;4;5;5;5;5;5;7;4;4;4;4,666666667;1,102631579;1;7;7;5;7;7;1;7;5,25;6,4375;7;7;1;1;1;4;4;1;7;3;5;5;4;3,846153846;5,474358974;7;7;7;7;7;7;7;7;7;7;0;1
5d04c56a0b54cc0001dad608;1;1;3;3;3;3;1;4;3;3;1;1;4;4;1;1;1;1;1;1;1,666666667;1,523684211;4;6;6;6;5;3;5;5;5;1;7;7;5;7;2;4;4;1;4;1;5;5;4;4,307692308;4,230769231;4;5;5;5;5;4;4;5;5;4,666666667;0,222222222;0
5d0513dde22a26000104cea5;1;2;7;6;4;5;2;3;2;5;4;5;6;3;3;5;4;2;2;3;3,333333333;2,747368421;7;7;7;7;4;4;7;4;5,875;2,109375;5;7;4;7;4;5;5;1;4;3;5;4;2;4,307692308;2,897435897;5;3;5;5;2;3;5;5;5;4,222222222;1,283950617;0
5d060f80049f6700011639c7;4;4;6;5;3;1;3;2;2;6;3;3;3;4;1;4;1;5;3;3;4,666666667;2,221052632;5;6;7;7;7;5;6;5;6;0,75;7;7;7;7;1;1;1;1;7;1;1;7;7;4,230769231;9,692307692;5;7;1;7;7;7;7;7;7;6,111111111;3,654320988;0
5d08f7e3c97bc4001a7ea90b;1;1;7;4;1;4;1;1;1;6;1;1;1;2;1;1;1;1;1;1;3;3,357894737;7;7;7;4;3;1;5;7;5,125;4,609375;7;7;7;7;4;2;1;1;4;2;4;4;4;4,153846154;5,141025641;7;7;7;7;7;7;7;7;7;7;0;1
5d0c33185a6f55001a9648f8;3;3;7;5;6;4;2;3;3;6;3;4;7;3;2;2;3;1;3;2;4,333333333;2,989473684;5;7;7;6;7;6;3;4;5,625;1,984375;7;7;4;7;5;4;7;1;3;5;2;3;3;4,461538462;4,269230769;7;6;6;7;7;5;7;5;6;6,222222222;0,617283951;0
5d0d1f7e479a640001154b0b;2;2;3;2;5;5;3;3;5;5;3;2;5;5;3;4;2;3;2;3;2,333333333;1,502631579;3;6;7;6;6;5;5;5;5,375;1,234375;3;4;3;4;4;7;6;1;2;5;4;5;6;4,153846154;2,807692308;1;2;2;2;2;3;3;3;4;2,444444444;0,691358025;0
5d0e7867dff7d70001e6e16d;2;2;5;6;5;3;2;2;5;7;4;2;6;3;2;3;4;5;5;2;3;2,723684211;5;7;7;7;7;7;7;5;6,5;0,75;5;7;7;7;3;4;5;1;4;4;2;2;2;4,076923077;4,243589744;3;3;2;3;5;5;5;5;5;4;1,333333333;0
5d0eecdd348afe00015865aa;1;1;4;2;4;1;1;1;2;2;1;1;4;1;4;1;1;3;1;1;2;1,502631579;7;6;6;6;6;5;5;4;5,625;0,734375;7;7;4;7;1;4;6;1;4;3;2;4;4;4,153846154;4,474358974;3;5;5;4;4;3;3;3;3;3,666666667;0,666666667;0
5d0f89123382180001624f48;2;2;7;5;5;3;6;3;6;7;4;5;6;7;3;6;6;2;3;2;3,666666667;3,421052632;2;7;7;7;6;5;6;2;5,25;3,9375;2;7;5;7;2;3;2;1;5;2;6;6;6;4,153846154;4,807692308;5;5;3;5;6;6;6;6;6;5,333333333;0,888888889;0
5d14445a4e1adb0001bff411;1;1;5;1;6;5;4;2;6;7;3;2;2;4;5;2;5;1;1;1;2,333333333;4,168421053;7;7;7;7;7;7;7;7;7;0;7;7;7;7;4;4;1;1;7;1;7;7;7;5,153846154;6,807692308;5;7;5;6;6;6;5;7;6;5,888888889;0,543209877;1
5d14ab8ac4e6ae00011ad0e9;1;1;6;5;6;2;1;1;4;7;2;1;5;5;2;5;1;3;1;1;2,666666667;4,526315789;6;6;5;6;5;7;7;6;6;0,5;1;1;1;7;2;4;5;1;3;2;6;5;6;3,384615385;4,923076923;4;5;6;6;5;3;6;6;6;5,222222222;1,061728395;0
5d150669b296b500187df8f9;1;2;6;7;6;4;5;3;6;7;2;3;6;6;4;5;6;2;5;5;3;3,313157895;7;7;7;5;5;6;7;7;6,375;0,734375;6;7;7;7;4;7;2;1;6;3;2;5;6;4,846153846;4,807692308;5;6;7;6;6;6;7;6;6;6,111111111;0,320987654;0
5d1653de3935ca001b87ff71;1;1;6;6;4;2;1;1;3;5;1;2;1;2;2;2;2;1;1;1;2,666666667;2,828947368;4;6;6;6;4;5;3;6;5;1,25;7;7;6;7;4;2;2;1;7;2;4;5;1;4,230769231;5,858974359;2;2;2;2;2;2;2;2;2;2;0;1
5d16b6890a274600163f6518;1;1;4;4;3;1;3;2;2;4;1;1;5;4;1;1;1;1;1;2;2;1,923684211;6;5;5;6;4;5;4;5;5;0,5;7;7;4;7;1;7;4;1;1;2;6;6;2;4,230769231;6,525641026;6;5;5;5;5;5;4;5;5;5;0,222222222;0
5d18c34767d25100183575e1;2;3;6;4;4;5;5;5;5;6;3;5;5;2;4;3;3;1;3;4;3,666666667;1,884210526;6;7;7;6;6;6;5;7;6,25;0,4375;7;7;6;7;4;4;4;1;7;3;4;5;5;4,923076923;3,41025641;7;3;4;2;2;6;2;2;1;3,222222222;3,728395062;0
5d1a05e0628de0001966d713;2;3;6;5;7;6;1;1;1;7;1;1;4;5;1;2;3;1;1;1;3,666666667;5,102631579;7;7;7;7;5;4;4;7;6;1,75;1;7;1;7;1;6;1;1;4;1;4;6;6;3,538461538;6,769230769;4;6;1;4;5;5;5;5;6;4,555555556;2,024691358;0
5d1ac27f339da6000112b0e1;1;1;7;7;5;5;1;1;5;7;1;1;1;7;1;1;1;1;1;1;3;6,694736842;4;7;7;7;7;7;7;7;6,625;0,984375;7;7;1;7;7;3;1;1;4;7;6;7;7;5;6,833333333;4;6;6;6;6;6;6;6;6;5,777777778;0,395061728;0
5d1b1d232d8715001822bee7;2;2;7;5;4;2;2;2;3;5;2;2;2;2;2;2;2;2;2;2;3,666666667;2,010526316;5;7;5;7;7;7;7;5;6,25;0,9375;7;7;1;7;2;4;5;1;4;1;6;5;4;4,153846154;5,307692308;6;4;4;4;4;6;3;3;3;4,111111111;1,209876543;0
5d1e2045a37a4d001a1fc2cb;1;1;7;4;2;3;1;1;2;4;1;1;5;3;1;1;1;1;1;1;3;2,936842105;7;1;7;4;4;1;5;7;4,5;5,5;4;7;7;7;4;1;1;1;4;2;4;6;7;4,230769231;5,858974359;1;3;1;1;1;4;2;2;1;1,777777778;1,061728395;0
5d21dd64851927001e3a5032;2;3;7;5;5;5;6;6;6;7;6;6;5;6;6;2;3;3;3;4;4;2,589473684;6;5;5;3;3;5;5;7;4,875;1,609375;7;7;7;7;3;4;6;1;2;3;1;3;6;4,384615385;5,58974359;5;6;6;4;5;5;6;5;5;5,222222222;0,395061728;0
5d22383d7c7c0b0016bf9858;7;7;7;7;7;7;7;7;7;7;7;7;7;7;7;7;7;7;7;7;7;0;5;6;6;7;7;5;1;5;5,25;3,1875;6;7;1;7;3;4;2;1;6;3;3;5;5;4,076923077;4,41025641;6;7;7;7;7;7;7;7;7;6,888888889;0,098765432;1
5d24f0ece7a2be001a8f2726;1;1;5;5;3;2;2;2;3;5;1;3;7;7;1;5;3;3;3;3;2,333333333;3,460526316;2;6;4;4;5;5;5;5;4,5;1,25;7;7;7;7;1;3;1;1;6;2;4;5;5;4,307692308;6,064102564;5;6;6;6;6;6;6;6;6;5,888888889;0,098765432;0
5d26f608af8d9e001ce6f85d;2;2;5;4;3;2;2;2;3;5;2;2;4;2;2;2;3;3;2;2;3;1,063157895;5;5;6;6;6;5;6;5;5,5;0,25;7;7;7;7;1;5;2;1;6;1;4;5;5;4,461538462;5,935897436;5;3;5;5;5;5;5;5;5;4,777777778;0,395061728;0
5d28a0594d046f0001a749b5;1;1;6;5;1;2;2;2;2;6;1;1;2;3;1;1;1;1;1;1;2,666666667;2,786842105;6;6;5;2;3;2;1;4;3,625;3,234375;6;6;2;7;1;2;2;1;2;1;6;6;6;3,692307692;5,897435897;6;6;6;6;6;6;6;6;6;6;0;1
5d29b6e220c98f0017b6b8e6;3;3;6;6;2;4;4;4;2;4;2;2;2;2;2;2;2;2;2;2;4;1,778947368;4;6;6;4;5;6;6;6;5,375;0,734375;5;6;4;6;1;4;4;1;4;4;4;4;4;3,923076923;2,243589744;4;4;4;4;4;4;4;4;4;4;0;1
5d2def2b841b740019bfb7a7;1;2;6;5;1;1;1;1;4;3;2;4;4;2;4;1;1;1;1;1;3;2,642105263;5;7;7;7;7;7;5;6;6,375;0,734375;4;7;6;7;1;1;3;1;7;1;4;7;7;4,307692308;7,064102564;6;4;4;3;3;4;4;4;4;4;0,666666667;0
5d2e0db5649703001a9c9028;1;1;7;5;3;3;2;2;5;6;1;2;3;2;2;1;3;2;2;2;3;2,934210526;5;6;7;7;7;6;6;5;6,125;0,609375;7;7;7;7;1;2;4;1;6;5;6;7;7;5,153846154;5,641025641;5;6;6;5;7;6;7;5;6;5,888888889;0,543209877;0
5d2f2df93698400015bab3e7;2;2;5;5;5;3;2;1;1;6;1;2;5;6;3;6;3;3;5;5;3;3,207894737;6;7;6;5;6;5;6;3;5,5;1,25;7;7;3;7;6;5;3;1;5;4;7;7;7;5,307692308;4,064102564;6;6;7;6;6;7;7;7;7;6,555555556;0,24691358;0
5d30748e68c6fe001c8cefc7;2;2;7;5;6;2;2;4;5;6;2;5;4;6;5;2;3;1;4;2;3,666666667;3,25;2;6;6;4;5;5;4;5;4,625;1,484375;1;7;1;7;4;3;3;1;5;2;2;6;4;3,538461538;4,769230769;5;6;6;6;5;5;6;6;7;5,777777778;0,395061728;0
5d3515c39ce6590017010766;1;1;7;7;1;1;1;1;1;1;1;1;1;1;1;1;1;1;1;1;3;3,410526316;7;7;7;7;7;7;7;7;7;0;7;7;7;7;1;1;1;1;7;1;7;7;7;4,692307692;9,230769231;5;2;2;2;2;2;2;2;2;2,333333333;0,888888889;1
5d372b99821bda0018a8a3e8;1;1;5;3;6;7;1;1;2;7;1;1;7;6;1;7;1;1;1;1;2,333333333;6,892105263;7;7;7;6;6;5;5;5;6;0,75;7;7;7;7;1;3;4;1;6;1;1;4;4;4,076923077;6,41025641;6;6;6;6;6;6;6;6;6;6;0;1
5d384c97285d1400199a2886;1;1;6;5;4;5;2;4;3;6;3;3;3;1;3;1;3;5;3;3;2,666666667;2,513157895;4;7;7;7;7;7;5;4;6;1,75;6;6;6;6;4;4;4;1;6;4;4;4;4;4,538461538;2,102564103;5;7;6;6;7;7;6;6;6;6,222222222;0,395061728;0
5d3869444a0f0500198dc192;1;1;6;6;2;1;1;1;1;7;1;1;5;6;1;1;1;1;1;1;2,666666667;4,957894737;5;6;5;5;3;3;3;5;4,375;1,234375;1;7;7;7;4;5;4;1;6;5;5;5;2;4,538461538;4,435897436;6;7;7;6;6;7;6;7;7;6,555555556;0,24691358;0
5d38cc19897705000180dd64;1;2;5;5;2;4;2;2;3;5;1;2;4;3;2;5;2;5;2;2;2,666666667;2,05;6;6;6;6;5;5;4;4;5,25;0,6875;5;7;6;7;4;4;4;1;2;2;4;4;5;4,230769231;3,358974359;3;4;2;5;5;6;5;5;5;4,444444444;1,358024691;0
5d3c4728aca82300197c96db;1;1;6;1;6;3;1;1;1;7;1;1;1;1;1;1;1;1;1;1;2,666666667;3,884210526;6;6;6;7;6;7;6;5;6,125;0,359375;4;7;4;7;4;1;1;1;4;2;4;6;6;3,923076923;4,743589744;4;5;5;6;5;4;6;4;6;5;0,666666667;0
5d3cc4bd1850400016d2bb66;1;1;5;6;2;1;3;1;1;5;1;1;7;1;1;3;1;6;1;1;2,333333333;4,471052632;4;6;7;5;6;6;7;3;5,5;1,75;4;1;3;7;6;5;6;1;1;3;4;5;2;3,692307692;4,230769231;6;5;5;6;6;5;6;5;6;5,555555556;0,24691358;0
5d3eeb5ce6e732001b522eea;2;2;7;7;5;2;3;2;2;6;1;1;3;6;3;3;4;3;2;2;3,666666667;3,589473684;5;6;6;6;5;5;6;4;5,375;0,484375;6;7;7;7;5;5;6;1;5;2;4;5;5;5;3,333333333;5;6;6;6;6;5;4;5;5;5,333333333;0,444444444;0
5d4254db5b2c430001418a3c;1;1;3;3;1;1;6;1;1;6;1;1;1;7;1;5;1;1;1;1;1,666666667;4,273684211;7;7;7;7;7;7;7;7;7;0;7;7;1;7;4;4;5;1;4;1;3;7;7;4,461538462;5,935897436;4;4;4;4;4;4;4;4;4;4;0;1
5d4359295a5b010001523b4e;1;2;5;6;6;6;6;5;6;5;5;5;5;4;4;5;5;3;4;4;2,666666667;1,831578947;5;5;5;5;5;5;5;5;5;0;2;6;6;6;1;4;1;1;4;4;4;4;4;3,615384615;3,423076923;4;4;4;4;4;6;6;6;6;4,888888889;0,987654321;1
5d43e5f486382b001a579ef0;2;2;7;7;6;4;4;4;6;6;4;5;4;4;4;5;5;2;3;3;3,666666667;2,344736842;6;5;6;5;5;6;6;6;5,625;0,234375;6;7;3;7;2;5;1;1;6;1;1;6;6;4;6,333333333;3;6;6;6;5;4;5;5;5;5;0,888888889;0
5d44eb7a6f084f00011bd1b3;1;2;6;5;3;4;2;3;3;7;2;2;2;6;3;2;2;1;1;1;3;3,252631579;5;6;5;4;3;3;4;4;4,25;0,9375;6;6;5;7;5;5;6;1;3;4;5;5;3;4,692307692;2,564102564;5;5;5;5;6;5;5;6;6;5,333333333;0,222222222;0
5d4602322f66d0001a1208c7;1;1;7;1;1;1;1;1;1;7;1;1;1;1;1;1;1;1;1;1;3;3,410526316;4;7;7;7;7;7;4;4;5,875;2,109375;7;7;7;7;1;3;1;1;7;1;7;7;7;4,846153846;8,307692308;5;4;6;4;3;3;6;6;7;4,888888889;1,87654321;0
5d4732fc4574f300013a7270;2;1;7;7;5;2;4;2;3;6;1;1;5;3;2;4;3;5;5;3;3,333333333;3,628947368;3;7;7;6;7;5;6;5;5,75;1,6875;7;7;7;7;2;2;1;1;7;2;7;7;7;4,923076923;7,576923077;3;5;5;3;3;4;6;6;5;4,444444444;1,358024691;0
5d48fcc5643eb80001fb43fa;2;2;6;6;4;5;3;3;4;6;3;6;3;5;6;3;4;2;2;2;3,333333333;2,45;6;6;6;6;6;6;6;6;6;0;7;7;1;7;5;5;2;1;5;2;6;6;6;4,615384615;5,256410256;6;6;6;6;6;6;6;6;6;6;0;1
5d4927e399f83a00152bad4c;2;2;2;4;7;2;2;2;5;7;5;5;4;2;2;4;5;6;2;2;2;3,305263158;1;6;5;2;2;6;2;1;3,125;4,109375;7;7;4;7;1;1;1;1;6;4;2;4;6;3,923076923;6,243589744;7;7;7;7;7;7;7;7;7;7;0;1
5d4a0765eae90d0019a6265a;1;1;5;5;4;4;4;4;4;4;4;4;5;4;4;4;4;4;4;4;2,333333333;1,081578947;4;7;5;4;4;6;5;4;4,875;1,109375;4;5;4;4;3;4;5;1;3;4;4;4;4;3,769230769;1,025641026;4;5;4;3;4;4;4;5;4;4,111111111;0,320987654;0
5d4a6459061e2a000138bad3;5;5;7;7;5;5;5;5;5;7;5;5;7;5;5;5;5;5;5;5;5,666666667;0,673684211;7;4;6;6;2;4;2;6;4,625;3,234375;7;7;4;1;3;2;2;1;6;1;6;6;6;4;5,833333333;7;7;7;7;7;7;7;7;7;7;0;1
5d4b1c73cfe6e90017ad8990;7;5;4;3;5;2;4;4;6;5;5;6;3;4;4;6;4;5;5;2;5,333333333;1,734210526;5;4;4;2;5;6;5;5;4,5;1,25;7;6;6;4;6;6;5;1;4;4;5;4;7;5;2,666666667;6;5;5;3;6;6;4;4;7;5,111111111;1,432098765;0
5d4b6bfb0cf3e60001d88c23;1;1;4;4;2;1;1;1;3;6;3;1;1;1;1;2;1;1;1;1;2;2,028947368;4;7;7;7;7;5;5;4;5,75;1,6875;2;6;2;6;5;5;5;1;3;3;4;6;6;4,153846154;3,141025641;4;4;4;4;4;5;5;5;5;4,444444444;0,24691358;0
5d5162f1b50a1000169da137;4;4;7;4;4;4;4;4;4;4;4;4;7;4;4;4;4;6;4;4;5;0,989473684;5;5;5;5;5;5;5;5;5;0;7;7;7;7;1;1;1;1;7;1;7;7;7;4,692307692;9,230769231;7;7;7;7;7;7;7;7;7;7;0;1
5d5321290c2a6a0017cc6a80;1;1;5;5;7;6;3;2;6;7;4;4;5;2;2;2;2;4;4;4;2,333333333;3,536842105;1;6;6;5;5;5;5;2;4,375;2,984375;6;4;7;7;3;2;4;1;6;1;2;6;4;4,076923077;4,743589744;4;7;4;6;7;7;7;7;7;6,222222222;1,50617284;0
5d53e2d15b17d500168df632;2;2;7;7;2;2;2;1;3;7;1;1;7;7;1;4;1;1;1;1;3,666666667;6,210526316;7;7;7;7;4;5;7;4;6;1,75;7;7;7;7;1;4;4;1;1;4;4;4;4;4,230769231;5,192307692;7;7;7;7;7;7;7;7;7;7;0;1
5d53e3469b7c4e001a886f47;1;1;4;2;1;1;1;1;1;7;3;1;7;7;1;6;2;1;1;1;2;5,421052632;7;7;7;5;5;3;4;5;5,375;1,984375;6;7;7;7;3;4;6;1;5;6;4;4;2;4,769230769;3,858974359;6;6;6;5;5;5;5;5;6;5,444444444;0,24691358;0
5d542c3a5af5900019bc80c4;1;1;7;5;7;6;6;3;5;7;4;4;4;6;4;4;5;2;2;2;3;3,776315789;7;5;6;6;5;6;7;5;5,875;0,609375;2;5;5;7;5;6;6;1;3;2;2;4;3;3,923076923;3,576923077;6;6;6;6;6;5;7;6;6;6;0,222222222;0
5d545a781c860f00183a2208;1;1;7;5;5;5;1;1;5;7;1;1;7;4;1;7;1;1;1;1;3;6,555263158;5;7;6;2;5;4;5;4;4,75;1,9375;6;6;4;7;1;1;1;1;7;1;7;7;7;4,307692308;8,064102564;5;5;5;5;5;5;5;5;5;5;0;1
5d5468d8303f21001853913e;1;1;6;6;2;2;2;1;3;6;1;1;4;4;1;2;2;3;1;1;2,666666667;3,210526316;5;5;5;4;4;3;4;4;4,25;0,4375;7;7;4;7;4;6;6;1;4;2;4;4;5;4,692307692;3,564102564;7;5;5;5;6;5;7;7;7;6;0,888888889;0
5d551c8c47bc73001950af8f;5;5;7;7;6;5;2;2;3;7;6;6;4;5;6;5;4;5;5;5;5,666666667;2,105263158;1;7;7;6;6;6;6;7;5,75;3,4375;7;7;7;7;4;2;6;1;6;1;7;7;6;5,230769231;5,692307692;7;6;6;4;2;2;5;5;5;4,666666667;2,666666667;0
5d5537eb6416e9001aeaa895;2;2;3;3;4;4;4;1;3;4;2;2;5;5;2;5;2;4;3;3;2,333333333;1,397368421;5;6;6;5;5;5;5;5;5,25;0,1875;7;7;7;7;1;1;1;1;4;3;4;4;4;3,923076923;6,076923077;5;5;5;5;5;5;6;6;6;5,333333333;0,222222222;0
5d58db559fe0f000170f3e8e;1;1;7;5;4;2;1;1;2;7;1;1;4;5;1;2;2;1;1;1;3;4,263157895;2;7;7;7;4;4;5;5;5,125;2,859375;7;7;4;7;4;4;5;1;4;3;6;6;4;4,769230769;3,192307692;5;4;5;3;3;4;5;6;5;4,444444444;0,913580247;0
5d593dbaa0c0940001a471be;1;1;7;6;2;1;1;1;1;4;2;1;6;5;2;3;1;6;3;3;3;4,344736842;5;7;7;7;6;5;3;6;5,75;1,6875;3;7;4;7;6;2;1;1;5;1;3;6;5;3,923076923;5,076923077;7;7;7;7;6;5;7;6;7;6,555555556;0,469135802;0
5d5a650898cf220016ec58fe;1;1;7;7;7;2;3;1;6;7;1;1;2;3;1;5;5;6;2;1;3;6,155263158;3;6;7;6;7;5;3;6;5,375;2,234375;5;7;6;7;1;2;1;1;6;2;4;5;7;4,153846154;5,974358974;5;5;4;7;7;7;7;7;7;6,222222222;1,283950617;0
5d5ac5792441f9001bce8c36;1;1;7;7;5;5;3;3;3;7;3;3;7;7;5;4;6;7;4;3;3;4,155263158;3;7;7;7;7;7;7;7;6,5;1,75;7;7;7;7;1;5;1;1;7;2;4;6;7;4,769230769;6,858974359;7;7;7;7;7;7;7;7;7;7;0;1
5d5b22695944c6000104b01d;2;2;5;5;5;5;4;3;5;6;2;3;6;3;2;5;3;4;2;2;3;2,115789474;2;6;5;4;6;5;5;3;4,5;1,75;6;7;2;4;2;4;3;1;6;2;3;4;5;3,769230769;3,358974359;4;5;6;4;5;4;6;6;5;5;0,666666667;0
5d5dcbce56779f001a62245e;1;1;4;3;2;2;2;2;5;6;2;1;4;5;4;5;5;2;1;2;2;2,681578947;7;6;7;7;7;7;7;7;6,875;0,109375;6;7;5;7;2;2;2;1;6;3;5;6;6;4,461538462;4,602564103;6;5;6;5;5;6;6;5;6;5,555555556;0,24691358;0
5d62f9a2d989a4001a236e88;2;2;7;6;4;4;2;3;4;7;4;5;6;2;5;5;3;4;3;4;3,666666667;2,515789474;5;6;5;5;6;4;3;5;4,875;0,859375;6;7;6;7;1;6;3;1;6;3;4;4;6;4,615384615;4,423076923;5;5;5;5;5;5;5;5;5;5;0;1
5d6395ef95d04000195abb49;1;1;7;7;4;1;1;1;5;7;1;1;4;1;1;6;1;7;1;1;3;6,681578947;2;7;7;7;7;7;5;3;5,625;3,734375;7;7;4;7;1;2;7;1;7;1;7;7;7;5;7,5;6;7;7;7;7;7;7;6;7;6,777777778;0,172839506;0
5d63c08592a38a0017d83fba;1;1;7;1;1;1;1;1;1;5;1;1;7;5;1;7;1;7;1;1;3;6,568421053;5;7;7;5;5;5;6;7;5,875;0,859375;5;5;3;7;3;5;5;1;5;5;5;5;5;4,538461538;2,102564103;4;6;3;5;4;5;5;7;7;5,111111111;1,654320988;0
5d650da7855d77000110db2b;1;1;7;7;4;4;1;1;1;7;4;1;7;7;1;1;1;1;1;1;3;6,892105263;7;7;7;6;7;6;7;7;6,75;0,1875;7;7;7;7;4;4;1;1;4;1;4;7;6;4,615384615;5,923076923;6;5;5;4;4;4;4;4;6;4,666666667;0,666666667;0
5d65e31c367c8600019f2b13;1;1;6;5;4;1;1;4;3;5;1;3;3;1;3;2;3;1;1;1;2,666666667;2,684210526;5;7;7;4;5;5;3;4;5;1,75;2;7;1;1;3;4;4;1;7;2;4;5;4;3,461538462;4,269230769;4;6;6;5;6;5;5;5;5;5,222222222;0,395061728;0
5d66a00377ec210001b366a5;1;1;7;4;2;1;1;4;4;6;1;4;4;3;4;3;2;2;1;1;3;3,221052632;5;6;6;7;6;4;4;2;5;2,25;4;6;1;7;3;5;7;1;5;4;1;2;1;3,615384615;5,256410256;6;7;5;6;6;6;6;7;7;6,222222222;0,395061728;0
5d670a59aa02520017b1a61e;1;1;5;5;2;1;1;1;1;7;1;2;2;1;2;3;1;2;1;1;2,333333333;2,892105263;1;7;7;6;7;7;7;5;5,875;3,859375;6;7;7;7;3;2;1;1;5;3;4;7;7;4,615384615;5,756410256;5;6;6;5;6;5;6;6;6;5,666666667;0,222222222;0
5d67c1f0cb0a0e001af52e79;1;2;7;6;5;3;2;2;1;6;1;1;2;1;1;2;1;1;1;1;3,333333333;3,923684211;5;7;7;7;6;7;6;7;6,5;0,5;7;7;7;7;2;3;1;1;5;4;2;6;4;4,307692308;5,564102564;4;3;4;3;4;5;4;4;4;3,888888889;0,320987654;0
5d67d25bde7670001506c061;1;1;6;4;4;5;2;3;3;7;2;2;6;4;2;4;2;4;4;2;2,666666667;2,884210526;5;5;5;4;3;3;5;4;4,25;0,6875;5;7;5;7;5;2;5;1;5;6;3;4;4;4,538461538;3,102564103;2;5;4;2;2;3;2;2;2;2,666666667;1,111111111;0
5d69056fb96552001b264f87;1;2;7;7;5;4;2;2;2;7;1;1;5;6;1;4;5;5;3;3;3,333333333;4,555263158;4;7;7;7;7;7;7;4;6,25;1,6875;7;7;7;5;1;4;2;1;7;2;4;7;7;4,692307692;6,230769231;7;7;7;6;6;5;5;5;7;6,111111111;0,765432099;0
5d6e3802ec4df400153b7ed4;2;2;6;6;2;4;2;2;2;2;2;2;4;2;2;6;2;4;2;2;3,333333333;2,305263158;3;5;5;6;5;4;3;2;4,125;1,609375;7;7;7;7;1;3;1;1;7;5;2;6;6;4,615384615;6,756410256;6;5;5;5;5;6;6;5;5;5,333333333;0,222222222;0
5d6e9abe5e156a00018de2bc;2;1;7;7;5;4;2;2;5;7;5;6;7;7;5;3;6;2;2;2;3,333333333;4,660526316;5;7;6;7;7;7;7;5;6,375;0,734375;5;4;4;3;5;4;3;1;5;4;3;4;4;3,769230769;1,192307692;5;4;4;5;4;3;3;4;5;4,111111111;0,543209877;0
5d6f92022b620100018f5640;1;1;7;6;5;2;2;2;2;5;3;2;2;2;2;2;2;2;2;2;3;2,747368421;6;5;6;5;5;7;7;6;5,875;0,609375;7;7;2;7;7;7;6;1;2;1;4;6;6;4,846153846;6,141025641;2;3;2;2;2;5;6;5;5;3,555555556;2,469135802;0
5d6fda2bde432b0019b19ba7;1;1;5;3;4;1;1;1;4;6;1;1;4;4;2;5;4;4;1;1;2,333333333;3,063157895;6;6;6;4;6;5;5;6;5,5;0,5;7;7;4;7;1;3;1;1;6;1;4;5;7;4,153846154;6,474358974;5;5;3;5;5;6;6;6;6;5,222222222;0,839506173;0
5d71258216975e0016d21fd3;1;1;4;5;3;1;1;1;1;3;1;1;1;4;1;1;1;1;1;1;2;1,694736842;5;6;6;6;6;5;6;5;5,625;0,234375;1;2;1;3;1;5;5;1;5;5;5;5;5;3,384615385;3,58974359;2;2;2;2;2;2;2;2;2;2;0;1
5d72f38bb6fe54000177056d;2;2;4;5;5;2;2;1;1;7;2;2;3;6;2;5;4;2;2;2;2,666666667;2,997368421;4;3;3;3;3;4;3;2;3,125;0,359375;7;7;7;7;4;5;5;1;5;4;5;5;5;5,153846154;2,807692308;4;1;1;2;3;3;1;2;2;2,111111111;0,987654321;0
5d7583593a535600190c2e5b;2;2;7;7;5;5;3;2;5;7;7;2;7;7;3;7;4;6;2;3;3,666666667;4,45;4;7;7;7;6;5;5;7;6;1,25;7;7;1;7;1;4;1;1;7;1;2;5;5;3,769230769;7,192307692;7;7;7;7;7;7;7;7;7;7;0;1
5d7693bcc6a4bb0018618258;1;2;5;3;4;2;3;2;2;4;1;1;5;4;1;2;1;3;2;2;2,666666667;1,736842105;1;6;6;6;6;5;5;1;4,5;4,25;1;7;1;7;1;6;6;1;6;1;1;1;1;3,076923077;7,576923077;6;6;6;2;5;5;5;6;6;5,222222222;1,50617284;0
5d76bc8e529c4b00197aa4f2;1;1;5;5;3;2;2;1;4;5;1;1;5;5;1;1;1;1;1;1;2,333333333;3,081578947;4;7;7;5;6;6;7;5;5,875;1,109375;7;7;5;7;5;5;5;1;7;1;3;7;7;5,153846154;4,974358974;4;5;4;6;5;4;6;5;5;4,888888889;0,543209877;0
5d77f73f187589001806052d;3;4;5;4;3;3;3;2;3;2;3;4;3;3;4;4;3;4;3;3;4;0,536842105;4;7;5;6;7;5;6;3;5,375;1,734375;2;3;2;3;6;6;7;1;4;5;2;4;2;3,615384615;3,58974359;2;4;3;2;4;6;3;4;3;3,444444444;1,358024691;0
5d793289c8fe960001c585ec;1;1;7;7;4;4;4;4;4;7;1;1;4;7;1;1;1;1;1;1;3;5,778947368;4;7;7;7;7;4;7;5;6;1,75;7;7;7;7;1;1;1;1;5;1;2;6;7;4,076923077;8,243589744;7;5;7;7;7;4;7;7;7;6,444444444;1,135802469;0
5d7aa4c716c9af0019b423c6;2;2;5;5;3;3;2;2;3;6;2;2;6;6;2;4;2;4;3;3;3;2,239473684;3;6;5;5;5;6;5;4;4,875;0,859375;6;7;5;3;4;4;2;1;5;2;5;7;5;4,307692308;3,564102564;5;7;7;7;7;7;7;7;7;6,777777778;0,395061728;0
5d7c6d39a9f18900015f3094;1;1;7;5;3;3;2;2;2;5;2;2;6;7;2;1;1;3;2;1;3;3,989473684;6;5;6;4;5;6;7;6;5,625;0,734375;1;7;2;7;3;3;5;1;6;3;1;3;1;3,307692308;5,064102564;6;7;2;7;6;7;6;6;7;6;2,222222222;0
5d7d75f4ea2fe40001dff5a4;2;2;6;6;4;4;2;2;4;6;4;2;6;5;2;5;2;2;2;2;3,333333333;2,789473684;7;4;6;6;3;1;4;5;4,5;3,25;7;7;6;7;1;4;4;1;4;1;2;6;6;4,307692308;5,730769231;5;6;6;7;7;7;7;7;7;6,555555556;0,469135802;0
5d7e8b886984850001138382;1;1;6;6;4;5;2;2;3;7;1;1;5;5;1;1;1;6;1;1;2,666666667;4,947368421;6;6;6;5;5;5;5;6;5,5;0,25;6;6;7;7;2;5;4;1;5;3;4;4;4;4,461538462;3,269230769;5;5;5;5;4;5;5;5;5;4,888888889;0,098765432;0
5d7fcde42125ae00190c55d9;1;1;7;4;2;3;1;1;2;3;1;1;3;3;1;3;1;3;1;1;3;2,344736842;5;6;6;6;6;5;4;5;5,375;0,484375;7;7;4;7;4;4;2;1;4;2;4;6;5;4,384615385;3,923076923;5;5;5;5;5;5;5;5;5;5;0;1
5d7ff4aa50fda7001a863736;2;1;3;3;6;7;2;1;1;2;1;5;5;2;5;1;2;1;1;1;2;3,726315789;6;7;7;6;5;5;6;6;6;0,5;6;7;4;7;7;5;5;1;4;5;5;5;6;5,153846154;2,641025641;5;3;3;3;2;3;4;5;6;3,777777778;1,50617284;0
5d7ff849774f4c0019fef2e2;1;1;7;7;5;3;2;1;6;7;1;2;4;7;2;6;6;2;1;1;3;6,147368421;7;7;7;7;7;3;4;5;5,875;2,359375;4;7;7;7;2;4;3;1;6;1;6;7;7;4,769230769;5,692307692;7;7;6;5;6;6;7;7;7;6,444444444;0,469135802;0
5d8125f63d05eb0001731115;1;1;2;2;2;2;4;1;1;6;1;1;6;6;1;4;1;1;1;1;1,333333333;3,460526316;6;7;7;6;6;6;4;4;5,75;1,1875;2;4;2;7;4;2;4;1;4;2;5;5;4;3,538461538;2,769230769;6;6;6;4;6;3;4;5;5;5;1,111111111;0
5d82994758861000188f76dc;2;2;6;6;2;2;2;2;2;7;2;2;6;6;2;7;2;6;2;2;3,333333333;4,473684211;5;5;6;6;6;6;3;5;5,25;0,9375;6;7;7;7;1;4;1;1;6;2;2;5;1;3,846153846;6,641025641;6;6;6;6;6;6;6;6;6;6;0;1
5d838170a364360018fd406c;1;1;7;7;4;4;4;4;6;7;4;4;4;4;4;6;1;5;1;1;3;4,260526316;5;4;6;6;6;6;6;6;5,625;0,484375;1;3;1;1;4;4;4;1;4;4;4;3;3;2,846153846;1,807692308;4;4;4;4;4;4;4;4;4;4;0;1
5d838915e3876a00014c44b9;1;4;7;6;4;3;2;1;3;7;1;7;5;3;7;4;2;1;1;7;4;5,536842105;5;7;7;7;7;6;7;5;6,375;0,734375;7;7;7;7;7;2;2;1;4;2;4;7;7;4,923076923;6,076923077;7;7;7;7;7;7;7;7;7;7;0;1
5d85994fbbc0800019390cd4;4;4;7;2;4;5;4;4;4;4;4;4;5;4;4;4;4;4;4;4;5;0,765789474;5;1;5;1;3;1;6;2;3;3,75;5;7;4;7;1;1;1;1;5;3;7;7;7;4,307692308;6,897435897;5;4;5;4;4;4;7;7;5;5;1,333333333;0
5d867e7268f35d00167729d4;1;2;7;6;5;6;4;2;3;5;1;2;6;6;3;6;4;4;2;3;3,333333333;3,568421053;4;5;6;6;6;4;5;4;5;0,75;7;7;4;7;2;5;3;1;2;3;4;4;4;4,076923077;3,91025641;5;6;5;6;5;5;5;5;5;5,222222222;0,172839506;0
5d87e8861f684d0001737985;2;2;7;6;4;3;4;4;3;7;1;2;5;5;2;7;5;3;2;2;3,666666667;3,642105263;2;7;7;6;7;5;6;4;5,5;2,75;1;1;1;7;1;2;5;1;6;3;3;6;7;3,384615385;6,08974359;3;4;2;4;3;5;5;4;2;3,555555556;1,135802469;0
5d88b1c27250e90001c40cfc;1;1;7;4;1;5;5;7;2;4;2;7;3;2;7;1;1;1;1;1;3;5,713157895;7;7;7;7;7;4;7;7;6,625;0,984375;7;7;7;7;7;6;4;1;6;5;6;6;7;5,846153846;2,974358974;5;5;6;5;5;4;4;4;6;4,888888889;0,543209877;0
5d88b3e0c3770300190dfe7f;6;6;2;2;1;2;4;3;5;1;5;3;1;2;4;2;4;2;1;1;4,666666667;2,871052632;6;6;5;4;6;3;5;3;4,75;1,4375;4;5;2;6;1;2;1;1;5;5;2;5;3;3,230769231;3,358974359;5;4;3;6;5;6;5;4;5;4,777777778;0,839506173;0
5d88e9d13e9a6e0001084e80;1;1;7;1;3;3;1;1;1;7;1;3;1;1;3;1;3;1;1;1;3;3,568421053;7;7;7;7;7;7;7;7;7;0;7;7;7;7;1;1;1;1;7;1;5;7;7;4,538461538;8,769230769;5;6;6;6;5;6;6;5;5;5,555555556;0,24691358;1
5d88f2f8cefb52001a83f1b2;1;1;7;7;2;1;2;1;2;7;2;2;4;4;2;3;3;4;1;1;3;4,239473684;5;7;6;7;6;6;7;4;6;1;7;7;6;7;1;1;1;1;6;1;2;6;4;3,846153846;7,307692308;6;6;6;7;7;6;7;7;7;6,555555556;0,24691358;0
5d8aa37c393d840015bbe0f2;1;1;6;4;1;4;1;1;1;1;1;1;1;1;7;1;4;1;1;1;2,666666667;3,578947368;7;4;7;7;5;7;7;7;6,375;1,234375;7;7;7;7;1;4;2;1;4;4;4;4;4;4,307692308;4,730769231;7;7;4;4;5;4;3;4;4;4,666666667;1,777777778;0
5d8c96e60ef92e001a7b8876;1;1;5;5;5;1;4;1;2;7;1;1;3;3;2;5;1;2;1;1;2,333333333;3,621052632;2;6;4;7;7;4;6;6;5,25;2,6875;5;1;4;7;1;4;6;1;5;4;6;7;1;4;5,333333333;4;5;1;4;6;3;6;6;5;4,444444444;2,469135802;0
5d8ce602687afd0018fcb376;1;1;7;5;5;2;1;1;1;7;1;1;4;7;1;7;1;5;1;1;3;6,421052632;1;7;7;7;7;7;5;5;5,75;3,9375;7;7;1;7;7;1;1;1;4;1;1;1;4;3,307692308;7,730769231;7;1;7;1;1;1;7;7;7;4,333333333;8,888888889;0
5d8d0decf345720017634bc0;1;1;6;6;5;2;4;2;5;6;1;1;2;5;1;4;3;1;2;1;2,666666667;3,839473684;5;6;6;4;4;4;4;2;4,375;1,484375;6;6;2;7;2;6;2;1;2;5;3;5;3;3,846153846;4,141025641;5;4;5;5;5;5;5;5;5;4,888888889;0,098765432;0
5d8e3cd58c996a00138f684c;1;1;4;3;2;2;2;3;4;5;1;2;2;1;2;2;3;1;1;1;2;1,397368421;4;6;6;6;5;6;6;4;5,375;0,734375;7;7;4;6;2;4;2;1;4;1;7;5;6;4,307692308;5,064102564;5;5;4;3;4;5;5;5;5;4,555555556;0,469135802;0
5d8e3f7528a1ca0017bb7f08;2;3;4;3;3;3;4;4;3;3;3;4;5;5;4;3;3;2;3;3;3;0,660526316;6;5;6;6;5;4;4;5;5,125;0,609375;6;6;6;7;4;5;6;1;5;5;5;6;6;5,230769231;2,192307692;6;5;5;6;6;5;5;6;6;5,555555556;0,24691358;0
5d8e64ab4e055600157a3d90;2;2;4;4;4;3;2;2;2;5;3;2;2;4;2;5;2;2;2;2;2,666666667;1,221052632;5;7;5;5;5;5;5;6;5,375;0,484375;3;6;2;2;1;4;3;1;6;3;3;5;5;3,384615385;2,923076923;6;5;3;3;3;5;3;3;3;3,777777778;1,283950617;0
5d8f24ace98cc4001854d118;3;3;7;4;5;2;3;3;3;7;1;2;3;2;2;2;2;2;2;2;4,333333333;2,631578947;3;7;7;6;7;6;7;6;6,125;1,609375;5;6;3;7;5;5;6;1;6;4;2;5;5;4,615384615;2,923076923;7;7;7;7;7;7;7;7;7;7;0;1
5d8fea392052b0001a787e59;1;1;7;1;5;4;5;3;5;7;1;1;5;4;1;4;3;5;4;1;3;4,252631579;7;7;7;7;7;7;7;7;7;0;6;7;7;7;1;2;2;1;6;1;4;7;7;4,461538462;7,102564103;7;7;7;3;3;6;6;5;6;5,555555556;2,24691358;1
5d901c4ede126b001492630f;1;1;7;5;2;1;1;1;2;7;1;1;5;3;1;4;1;1;1;1;3;4,344736842;7;7;7;7;7;7;7;7;7;0;7;7;4;7;4;2;1;1;5;1;5;6;6;4,307692308;5,564102564;5;5;5;5;6;5;6;6;7;5,555555556;0,469135802;1
5d91fc3c0c32c9001972493c;2;1;7;4;5;4;3;2;5;7;3;6;5;4;6;3;5;5;2;2;3,333333333;3,102631579;3;6;5;6;4;6;5;5;5;1;7;7;4;7;6;4;4;1;5;6;5;5;6;5,153846154;2,807692308;6;5;4;4;5;3;4;4;3;4,222222222;0,839506173;0
5d91fcb1857954001727df08;1;1;7;7;3;1;1;1;1;7;1;1;1;4;1;1;1;1;1;1;3;4,976315789;6;6;7;7;4;7;7;7;6,375;0,984375;6;4;4;7;1;4;3;1;6;1;6;7;7;4,384615385;5,423076923;4;7;6;7;4;4;4;7;6;5,444444444;1,802469136;0
5d9392e103f78f001bae5fd0;3;7;7;7;7;7;5;7;7;7;3;6;7;7;7;6;7;5;3;7;5,666666667;2,2;7;7;7;7;7;1;7;7;6,25;3,9375;7;1;4;7;1;4;4;1;4;4;4;7;7;4,230769231;5,192307692;7;7;7;7;7;7;7;7;7;7;0;1
5d93c06fcfe3880013ba1309;5;5;7;7;6;5;4;3;5;7;2;2;2;2;2;7;4;7;4;2;5,666666667;3,936842105;6;5;2;2;4;3;1;4;3,375;2,484375;7;7;7;7;5;4;2;1;6;5;7;6;5;5,307692308;3,897435897;7;7;6;7;7;7;7;7;7;6,888888889;0,098765432;0
5d94c3b3f4c15d0017f4f24b;1;1;7;7;5;5;1;1;4;7;4;1;6;6;1;1;4;1;1;1;3;6,092105263;4;7;7;7;6;5;6;7;6,125;1,109375;5;7;2;7;4;4;3;1;5;2;4;6;6;4,307692308;3,730769231;5;6;5;5;6;6;6;5;7;5,666666667;0,444444444;0
5d94d884bcef7d001a3fc8ab;2;2;5;5;1;1;2;1;3;6;1;2;7;7;2;4;3;4;3;2;3;3,818421053;1;7;7;7;7;7;4;6;5,75;4,1875;7;7;4;7;1;3;1;1;7;2;6;6;6;4,461538462;6,435897436;7;7;7;7;7;7;7;7;7;7;0;1
5d95d60847e8d80017c5e228;1;1;6;3;2;1;1;1;1;6;1;1;1;1;1;2;2;2;2;2;2,666666667;2,305263158;5;7;7;5;4;5;5;4;5,25;1,1875;7;7;7;7;1;1;1;1;7;1;4;7;7;4,461538462;8,769230769;7;7;5;7;5;3;6;5;5;5,555555556;1,580246914;0
5d964976b8040b001761467c;4;4;6;7;5;5;4;4;5;7;4;4;5;5;4;4;5;4;4;4;4,666666667;0,957894737;1;5;5;5;5;2;1;6;3,75;3,6875;1;1;1;1;4;2;6;1;5;1;4;4;2;2,538461538;3,269230769;7;7;7;7;7;7;7;7;7;7;0;1
5d966787ada43200167276ec;1;1;7;6;6;7;6;1;1;7;1;1;7;6;2;6;5;1;1;1;3;7,378947368;7;7;7;7;7;7;7;7;7;0;7;7;4;6;2;1;1;1;5;1;7;7;7;4,307692308;7,397435897;7;4;2;4;5;6;3;5;5;4,555555556;2,024691358;1
5d9739389e5b9a0018820f68;1;1;7;5;4;1;1;1;1;7;1;1;4;1;1;1;1;1;1;1;3;4,305263158;4;4;7;6;7;7;4;5;5,5;1,75;7;7;3;7;4;3;3;1;6;3;3;6;7;4,615384615;4,423076923;5;7;6;7;7;7;7;7;7;6,666666667;0,444444444;0
5d9747cb7e2c940016288bd4;2;3;6;7;6;3;4;2;4;6;3;3;7;7;5;6;3;4;3;3;3,666666667;2,976315789;6;6;6;5;6;6;5;5;5,625;0,234375;6;6;6;3;1;4;4;1;2;4;3;5;4;3,769230769;3,025641026;5;7;6;6;5;5;6;6;6;5,777777778;0,395061728;0
5d99139757ff31001946659b;1;1;5;6;2;1;4;1;4;1;2;2;7;7;4;4;5;4;1;1;2,333333333;4,45;6;7;7;7;7;6;6;6;6,5;0,25;7;7;5;7;6;6;7;1;3;3;6;6;5;5,307692308;3,564102564;5;7;7;3;5;5;5;5;7;5,444444444;1,580246914;0
5d9b02cd4ce5d302eb84801d;1;2;7;6;4;3;3;3;4;7;5;3;6;6;3;3;3;3;3;3;3,333333333;2,831578947;5;7;6;6;6;5;6;7;6;0,5;7;7;7;7;1;4;1;1;6;2;7;6;7;4,846153846;6,974358974;7;6;6;5;5;3;5;5;6;5,333333333;1,111111111;0
5d9b68ff16de0b00151aa168;1;1;1;1;4;1;1;1;5;7;1;1;5;1;1;3;1;3;1;1;1;3,313157895;6;7;7;2;4;6;6;6;5,5;2,5;1;7;1;7;4;5;6;1;4;6;4;4;2;4;4,833333333;4;4;2;3;4;2;5;5;4;3,666666667;1,111111111;0
5d9bb559f65bb80015cc66e5;1;1;6;5;5;5;2;2;5;7;6;2;7;5;5;4;4;4;4;2;2,666666667;3,463157895;3;6;6;6;6;3;3;5;4,75;1,9375;7;7;7;7;2;4;2;1;5;5;5;5;6;4,846153846;4,307692308;6;7;6;6;7;6;7;6;6;6,333333333;0,222222222;0
5d9cf6e126d0740014634272;2;2;6;6;5;6;6;6;6;7;6;6;7;7;6;7;7;6;6;6;3,333333333;1,957894737;2;6;6;6;3;4;5;2;4,25;2,6875;7;7;7;7;1;5;5;1;6;2;3;4;5;4,615384615;5,08974359;6;7;7;7;7;7;7;7;7;6,888888889;0,098765432;0
5d9cffb3996ad30019904873;2;3;7;7;4;4;3;4;4;7;3;3;4;6;4;7;6;6;4;4;4;2,568421053;5;2;3;6;6;5;5;5;4,625;1,734375;7;7;1;7;1;1;1;1;4;7;3;5;6;3,923076923;7,243589744;7;7;7;7;7;5;6;7;7;6,666666667;0,444444444;0
5d9d0042655ab900176ff963;1;1;5;4;4;2;2;1;3;6;1;1;3;5;1;4;3;2;1;1;2,333333333;2,681578947;7;7;6;5;4;1;6;5;5,125;3,359375;4;7;1;4;4;2;4;1;4;4;4;5;7;3,923076923;3,41025641;7;1;1;1;1;1;4;1;5;2,444444444;4,691358025;0
5d9d2e7b60ff260017554fb5;1;1;6;6;5;6;2;2;3;6;1;1;7;6;4;5;4;2;1;1;2,666666667;4,894736842;5;6;7;5;2;5;6;4;5;2;7;7;1;7;5;5;4;1;5;2;3;3;2;4;4,833333333;5;5;6;4;5;5;6;6;6;5,333333333;0,444444444;0
5d9d7d4f1a7ab30016603f6a;1;2;5;4;2;2;4;3;3;6;2;3;4;3;3;5;2;4;3;3;2,666666667;1,536842105;6;6;6;6;4;4;5;6;5,375;0,734375;7;7;1;7;2;7;1;1;4;2;3;4;7;4,076923077;6,743589744;4;7;6;6;5;5;6;6;6;5,666666667;0,666666667;0
5da06f90abe01f00166c2f16;1;1;7;6;4;5;4;2;3;7;5;5;7;2;5;3;3;5;2;1;3;4,094736842;5;6;6;7;6;5;6;7;6;0,5;7;7;7;7;5;5;3;1;6;4;4;4;3;4,846153846;3,641025641;5;6;7;7;6;6;6;6;7;6,222222222;0,395061728;0
5da1983e424f6a0015466e6c;5;5;5;5;5;5;5;5;5;5;5;5;5;5;5;5;5;5;5;5;5;0;4;5;5;5;3;3;4;5;4,25;0,6875;7;7;4;7;1;4;1;1;4;1;4;4;7;4;6;4;4;4;4;4;4;4;4;4;4;0;1
5da1e0e868c6aa00170ffef5;1;1;5;3;5;4;1;1;3;6;3;2;2;6;2;5;2;1;1;1;2,333333333;3,25;5;6;4;3;5;3;4;4;4,25;0,9375;6;7;6;7;2;5;5;1;5;2;1;3;1;3,923076923;5,41025641;5;6;6;6;6;5;5;6;6;5,666666667;0,222222222;0
5da1eb441b927a00168d2a30;3;2;7;5;4;6;5;6;4;7;4;5;6;2;6;2;4;3;3;2;4;2,852631579;4;7;7;4;7;5;5;5;5,5;1,5;7;2;1;7;1;3;3;1;6;1;3;5;6;3,538461538;5,602564103;4;2;3;2;5;4;3;5;5;3,666666667;1,333333333;0
5da33047f9661900181b2c57;1;1;7;4;3;6;3;4;5;4;3;5;4;1;5;1;5;2;3;3;3;3;7;7;7;7;7;7;7;7;7;0;7;7;1;7;2;2;6;1;1;2;3;4;1;3,384615385;6,256410256;5;2;1;1;1;1;1;1;1;1,555555556;1,580246914;1
5da3502604be3d0011caf90f;1;2;5;4;3;2;1;1;4;5;4;3;5;6;3;5;6;4;2;3;2,666666667;2,576315789;7;7;6;7;5;4;6;7;6,125;1,109375;7;7;7;7;6;7;4;1;5;4;1;6;6;5,230769231;4,692307692;7;7;5;6;7;7;7;7;7;6,666666667;0,444444444;0
5da3789639ab220013243e61;4;4;6;6;4;5;5;5;5;7;5;5;7;7;5;6;5;6;5;5;4,666666667;0,871052632;4;7;7;7;7;7;7;7;6,625;0,984375;1;7;7;7;4;7;4;1;4;2;3;3;4;4,153846154;4,974358974;7;7;7;7;7;7;7;7;7;7;0;1
5da378db6a166a00104730ea;3;4;7;7;7;6;6;5;7;7;3;5;7;5;5;4;5;2;3;4;4,666666667;2,621052632;5;7;7;5;6;4;4;5;5,375;1,234375;6;6;2;7;4;4;2;1;6;3;5;5;3;4,153846154;3,474358974;5;6;4;6;5;6;7;6;6;5,666666667;0,666666667;0
5da42ea540d1c50015ded274;2;3;7;7;6;3;4;3;6;7;4;2;7;7;4;7;7;2;4;4;4;3,852631579;7;7;7;7;7;5;7;6;6,625;0,484375;7;7;7;7;1;1;1;1;7;2;6;7;7;4,692307692;8,397435897;7;7;7;5;7;7;6;6;7;6,555555556;0,469135802;0
5da48724d469800016ce3200;1;1;7;5;5;5;4;3;4;7;4;4;6;5;2;4;4;3;2;3;3;2,892105263;5;6;5;5;5;2;5;4;4,625;1,234375;7;7;7;4;4;5;5;1;5;2;4;4;5;4,615384615;3,256410256;4;4;5;5;5;4;5;6;4;4,666666667;0,444444444;0
5da4f1c636f07700111ec3c2;3;3;6;3;4;5;2;4;2;6;2;5;2;1;5;1;2;1;1;1;4;2,997368421;6;6;5;6;6;4;5;6;5,5;0,5;6;7;3;7;2;4;3;1;3;2;2;2;2;3,384615385;4,08974359;4;5;5;5;5;4;5;5;5;4,777777778;0,172839506;0
5da5d3ca16e9a500167a972d;1;1;4;4;4;2;3;2;3;7;2;1;6;7;1;5;2;4;1;1;2;4,05;5;7;7;5;4;7;7;4;5,75;1,6875;7;7;7;7;1;1;1;1;6;1;4;6;5;4,153846154;7,474358974;4;4;4;5;4;6;5;4;4;4,444444444;0,469135802;0
5da65387a9dcad0015d87d8c;1;1;7;7;1;1;1;1;1;1;1;1;1;1;1;1;1;1;1;1;3;3,410526316;7;4;7;6;6;7;7;4;6;1,5;4;7;1;7;4;4;1;1;4;4;1;4;4;3,538461538;4,269230769;4;7;7;7;7;7;7;7;7;6,666666667;0,888888889;0
5da710bf88c639001080bcdc;1;1;7;1;1;1;1;1;1;7;1;1;7;7;1;1;1;7;1;1;3;7,105263158;7;7;7;7;4;4;7;7;6,25;1,6875;1;7;7;4;1;1;1;1;4;1;4;7;7;3,538461538;7,269230769;7;4;4;4;4;4;7;7;4;5;2;0
5da727bfc2a70a0011a128e0;1;2;7;3;4;2;1;2;4;7;1;5;4;1;5;4;2;1;2;3;3,333333333;3,628947368;3;7;7;7;7;7;4;7;6,125;2,359375;1;7;1;7;4;4;3;1;6;1;6;6;7;4,153846154;6,307692308;7;7;7;7;7;7;7;7;7;7;0;1
5da87d0804b8ae001639d516;2;3;6;6;6;3;4;1;5;7;2;2;5;7;3;2;2;2;2;2;3,666666667;3,831578947;4;6;5;6;6;7;6;5;5,625;0,734375;6;7;4;7;5;3;4;1;5;5;1;2;2;4;4,333333333;5;7;5;5;5;5;6;6;4;5,333333333;0,666666667;0
5da88e8df40e110014a388ec;1;1;3;1;4;3;1;1;3;6;1;1;1;1;1;4;1;1;1;1;1,666666667;2,134210526;6;6;6;7;5;5;3;7;5,625;1,484375;7;7;4;7;3;7;1;1;5;2;7;7;7;5;6,166666667;5;6;6;3;6;4;6;6;6;5,333333333;1,111111111;0
5da8aa287776b10014e1b65c;1;1;7;4;4;2;1;1;2;7;1;1;6;1;1;3;1;1;3;1;3;4,365789474;7;7;7;7;7;7;7;4;6,625;0,984375;7;7;7;6;2;4;4;1;4;2;6;7;7;4,923076923;4,91025641;4;5;5;3;7;7;5;6;6;5,333333333;1,555555556;0
5daa3a905c6987001535a411;1;1;6;6;5;4;2;2;3;6;2;2;5;6;1;4;2;5;1;1;2,666666667;3,881578947;3;6;3;6;5;4;4;5;4,5;1,25;7;7;4;7;1;1;1;1;7;1;4;5;6;4;7,166666667;4;5;5;5;6;5;5;5;5;5;0,222222222;0
5daa6f580d55870011370fd3;1;2;4;1;3;2;1;1;1;5;1;1;1;1;4;1;1;1;1;1;2,333333333;1,589473684;6;7;7;7;7;7;7;7;6,875;0,109375;6;7;6;7;2;5;2;1;4;1;3;3;3;3,846153846;4,641025641;6;6;6;6;6;6;6;6;6;6;0;1
5daa85e5997769001203771d;1;1;1;1;7;1;1;1;1;1;1;1;1;1;1;1;1;1;1;1;1;1,8;7;7;7;7;4;7;7;7;6,625;0,984375;1;7;7;7;4;2;2;1;2;2;2;4;7;3,692307692;6,064102564;5;2;5;2;6;2;6;2;6;4;3,333333333;0
5daad286a862c5001538e5e0;2;2;6;7;7;6;5;4;7;7;6;4;6;7;4;7;5;6;5;5;3,333333333;2,463157895;1;6;7;7;7;7;7;6;6;3,75;7;7;7;7;1;5;1;1;5;1;7;7;7;4,846153846;7,641025641;7;7;7;7;7;7;7;6;7;6,888888889;0,098765432;0
5dab3128af18d30016c1500d;2;2;6;6;6;6;4;4;6;6;2;2;6;2;6;2;2;2;2;2;3,333333333;3,747368421;5;6;6;6;6;6;6;6;5,875;0,109375;5;5;5;5;5;5;5;1;5;5;6;6;6;4,923076923;1,576923077;6;3;5;5;5;5;5;5;5;4,888888889;0,543209877;0
5dab3c87b56fb70014271f12;1;1;7;5;5;4;1;4;4;7;1;4;7;1;5;7;5;6;1;1;3;5,607894737;7;7;7;7;7;7;7;7;7;0;7;7;7;7;5;4;1;1;7;4;1;1;1;4,076923077;7,576923077;4;7;7;7;7;7;7;7;7;6,666666667;0,888888889;1
5dabd0e647abe200145e0b3e;1;1;3;3;1;1;1;1;1;4;1;1;1;6;1;4;1;1;1;1;1,666666667;2,092105263;7;7;7;7;7;7;7;7;7;0;7;7;7;7;4;4;1;1;4;4;4;4;4;4,461538462;4,269230769;5;7;7;7;7;7;7;7;7;6,777777778;0,395061728;1
5dac3f1b063b1e00170131e1;1;1;7;7;3;3;2;1;3;7;1;1;7;5;1;3;3;6;2;1;3;5,565789474;5;7;6;5;4;4;4;5;5;1;7;7;2;7;2;4;2;1;7;3;5;6;6;4,538461538;5,269230769;4;3;3;3;3;3;3;3;3;3,111111111;0,098765432;0
5dac70d01a0d81001380d6fc;2;2;6;6;6;4;2;2;5;7;4;2;5;6;4;3;2;6;2;2;3,333333333;3,357894737;5;7;6;6;4;3;5;4;5;1,5;7;7;7;7;1;2;2;1;7;1;4;6;7;4,538461538;7,435897436;5;3;3;3;4;5;4;3;2;3,555555556;0,913580247;0
5dac875353e5e10017d1adaa;2;2;5;6;5;4;4;3;5;7;1;2;4;5;2;6;4;6;3;2;3;2,936842105;3;6;6;3;2;3;4;3;3,75;1,9375;7;7;7;7;5;4;1;1;6;2;5;5;5;4,769230769;4,858974359;5;7;7;7;6;7;7;7;7;6,666666667;0,444444444;0
5dacbbf3eef09f0017393262;1;1;7;2;2;1;1;1;1;6;1;1;1;2;1;2;1;1;1;1;3;2,828947368;4;6;6;7;6;6;6;5;5,75;0,6875;7;7;4;7;4;3;1;1;5;3;5;6;4;4,384615385;4,256410256;7;5;5;5;3;3;3;3;3;4,111111111;1,87654321;0
5dacf17a6f11e500163e3bc4;2;2;6;5;4;3;2;2;4;7;2;2;3;3;2;2;5;1;2;2;3,333333333;2,576315789;5;7;7;5;3;3;3;4;4,625;2,484375;1;1;1;7;4;4;5;1;7;3;6;6;6;4;5,666666667;6;7;7;7;7;6;6;6;6;6,444444444;0,24691358;0
5dad59d38a78c7001a59e9e1;2;2;7;7;7;4;3;5;6;7;2;5;4;5;6;5;4;3;2;5;3,666666667;3,207894737;2;5;6;5;7;5;7;4;5,125;2,359375;3;7;7;7;3;7;7;1;7;7;7;7;1;5,461538462;6,102564103;4;7;7;7;7;7;7;7;7;6,666666667;0,888888889;0
5dad8ad869db130014bcab50;4;4;6;3;3;2;2;2;5;6;3;6;6;2;6;2;2;6;2;2;4,666666667;3,063157895;5;7;6;6;7;7;5;6;6,125;0,609375;7;7;7;7;1;5;2;1;6;2;5;6;6;4,769230769;5,692307692;6;6;6;6;6;5;6;6;6;5,888888889;0,098765432;0
5daf02799d842a0015801e15;4;4;3;1;1;7;5;4;1;1;1;7;1;1;7;1;2;1;1;1;3,666666667;5,168421053;4;4;4;4;4;4;4;4;4;0;4;7;1;7;4;4;4;1;4;1;7;7;7;4,461538462;5,769230769;4;4;7;4;4;4;5;6;5;4,777777778;1,061728395;1
5daf91f26c98f70015c6b76d;4;3;7;7;4;4;4;3;5;5;4;5;5;5;3;6;4;3;3;3;4,666666667;1,607894737;7;5;7;5;7;1;5;4;5,125;3,609375;5;7;4;7;1;5;1;1;7;2;4;7;7;4,461538462;6,269230769;7;7;7;7;7;7;7;7;7;7;0;1
5db050bee16e28001752bc92;1;1;6;5;4;5;3;2;2;7;5;3;7;5;2;4;2;3;2;1;2,666666667;3,736842105;4;7;7;7;7;7;4;7;6,25;1,6875;7;7;5;7;1;4;4;1;4;2;4;4;7;4,384615385;4,756410256;7;7;6;6;6;6;7;6;7;6,444444444;0,24691358;0
5db16d2693be16001717d840;1;1;6;1;4;3;3;2;3;6;1;6;5;2;6;2;1;4;2;2;2,666666667;3,523684211;2;6;6;6;7;5;5;3;5;2,5;2;7;4;7;1;3;2;1;5;4;2;4;3;3,461538462;3,935897436;7;6;3;6;6;3;5;5;5;5,111111111;1,654320988;0
5db1b8445c596f000c173b71;3;3;4;4;3;3;3;3;4;4;3;3;3;3;3;3;3;3;3;3;3,333333333;0,168421053;5;5;5;4;3;5;4;5;4,5;0,5;5;5;5;5;3;3;3;1;5;3;5;5;5;4,076923077;1,743589744;3;3;3;3;3;3;3;3;3;3;0;1
5db2cfc2aa1295000aa719c1;1;1;7;7;4;6;1;1;6;7;1;4;6;6;4;6;5;1;1;1;3;6,273684211;2;7;7;5;5;7;5;7;5,625;2,734375;2;7;2;7;2;4;5;1;5;3;3;3;3;3,615384615;3,58974359;7;5;6;4;4;5;7;7;7;5,777777778;1,50617284;0
5db378bbf87bf7000d2a74be;1;1;7;2;5;3;1;1;3;7;1;1;3;5;1;1;3;1;1;1;3;4,155263158;1;7;5;5;6;2;1;1;3,5;5,5;7;7;5;7;1;1;1;1;7;3;4;5;6;4,230769231;6,525641026;7;7;7;7;7;7;7;7;7;7;0;1
5db603b20ad96c000e3847db;2;2;7;4;3;3;3;2;2;7;2;2;2;4;2;5;2;2;2;2;3,666666667;2,631578947;5;6;6;7;7;7;7;4;6,125;1,109375;7;7;5;7;4;2;2;1;6;1;5;6;7;4,615384615;5,58974359;7;7;7;7;7;7;7;7;7;7;0;1
5db6ff8c7f9e6b000dd24a19;1;1;1;1;1;2;1;1;1;5;1;1;1;2;1;1;1;1;1;1;1;0,852631579;2;4;6;5;4;6;4;4;4,375;1,484375;6;7;5;4;6;6;2;1;5;4;5;5;5;4,692307692;2,730769231;6;7;6;7;6;3;4;4;5;5,333333333;1,777777778;0
5db71dae2fe96d000b5be6ea;1;1;6;2;3;2;1;1;1;7;1;1;1;5;1;4;1;1;1;1;2,666666667;3,568421053;5;6;7;6;5;6;5;7;5,875;0,609375;7;7;1;7;4;4;4;1;5;2;3;5;6;4,307692308;4,564102564;6;6;6;6;6;6;6;6;6;6;0;1
5db7e95a0b850e000f5e0b6f;5;5;7;7;6;6;6;6;7;7;5;5;6;6;6;7;6;6;6;6;5,666666667;0,471052632;6;6;6;6;4;6;6;6;5,75;0,4375;7;7;7;7;1;1;1;1;7;1;1;1;7;3,769230769;9,692307692;5;7;7;7;7;7;7;7;7;6,777777778;0,395061728;0
5db89aec321070000e2d4fa5;1;1;7;6;6;6;2;4;3;7;1;2;5;3;2;4;4;7;3;2;3;4,484210526;7;6;6;4;7;7;5;7;6,125;1,109375;6;7;2;7;4;6;7;1;1;2;6;6;3;4,461538462;5,602564103;4;2;2;1;1;1;1;2;1;1,666666667;0,888888889;0
5db9c0e8e0a6e8023c374326;2;2;5;4;6;3;6;3;6;7;3;4;7;6;1;7;6;5;2;3;3;3,726315789;3;7;7;6;7;5;6;7;6;1,75;1;7;1;7;4;6;2;1;5;3;6;6;7;4,307692308;5,897435897;7;7;7;7;7;6;7;6;7;6,777777778;0,172839506;0
5dbacecee2fafc0e38007428;1;1;7;7;4;3;1;1;3;7;1;1;5;5;1;5;4;4;1;1;3;5,186842105;7;7;6;6;5;6;7;7;6,375;0,484375;7;7;1;7;4;2;2;1;6;2;5;6;7;4,384615385;6,08974359;7;4;6;7;7;6;7;7;7;6,444444444;0,913580247;0
5dbc177f0e1ec31c8af5492e;1;1;7;6;6;1;1;1;1;7;1;1;7;1;1;1;1;5;1;1;3;6,463157895;4;7;7;2;6;7;4;6;5,375;2,984375;1;7;7;7;6;6;6;1;1;3;6;7;7;5;6,333333333;5;6;7;7;7;7;6;7;7;6,555555556;0,469135802;0
5dbc1f879a36051cc3396cbf;4;4;7;6;4;6;4;4;7;7;6;4;7;4;4;6;7;7;6;4;5;1,831578947;1;5;6;6;3;5;1;5;4;3,75;7;7;7;7;3;2;2;1;6;2;7;7;7;5;6,333333333;1;7;7;7;7;7;7;7;7;6,333333333;3,555555556;0
5dbc53ac0338051f71f69362;1;1;5;3;5;5;5;2;5;7;4;2;5;7;3;4;3;5;3;2;2,333333333;3,081578947;3;6;6;5;6;3;4;3;4,5;1,75;1;7;6;7;5;4;3;1;1;1;3;5;4;3,692307692;5,064102564;5;6;2;5;6;5;4;6;6;5;1,555555556;0
5dbefb269653e83afe17b10b;1;2;7;3;2;2;3;2;2;4;1;2;4;1;3;1;1;1;1;2;3,333333333;2,197368421;5;7;7;7;5;6;5;7;6,125;0,859375;7;7;6;7;5;4;5;1;6;4;2;3;2;4,538461538;4,269230769;5;7;6;5;7;5;7;6;7;6,111111111;0,765432099;0
5dbf0e8d5b65ef3af6168ca8;1;1;1;3;1;1;1;1;1;3;1;1;1;5;1;4;1;1;1;1;1;1,418421053;6;7;7;7;5;5;6;5;6;0,75;4;7;7;7;1;4;1;1;7;1;2;7;7;4,307692308;7,730769231;4;3;3;3;4;3;3;5;5;3,666666667;0,666666667;0
5dc0257aff9c98465fc57ada;1;1;6;5;1;1;1;1;1;7;1;1;6;6;1;1;1;1;1;1;2,666666667;5,039473684;6;6;6;6;5;3;3;4;4,875;1,609375;1;4;4;7;1;2;1;1;3;1;4;4;2;2,692307692;3,397435897;5;7;6;7;7;6;7;7;7;6,555555556;0,469135802;0
5dc04aba55b86247c9991f89;1;1;7;1;4;7;1;4;1;1;1;7;4;1;7;1;1;4;4;4;3;5,778947368;7;7;7;4;7;7;7;7;6,625;0,984375;7;7;4;7;1;7;1;1;7;1;4;7;7;4,692307692;7,730769231;7;7;7;7;7;7;7;7;7;7;0;1
5dc0b3e0b8a4b0069c7d4d60;1;2;7;6;5;4;1;1;3;7;1;2;6;7;2;1;1;1;1;1;3,333333333;5,789473684;5;7;7;5;5;4;5;4;5,25;1,1875;6;7;4;7;5;4;5;1;3;5;7;7;7;5,230769231;3,525641026;5;6;6;7;7;5;7;6;7;6,222222222;0,617283951;0
5dc18e824b54770f16a7cbe2;1;1;7;7;3;3;4;1;3;7;1;1;7;7;3;5;1;1;1;1;3;6,302631579;7;7;4;7;7;7;7;7;6,625;0,984375;7;7;1;7;7;1;1;1;1;4;4;4;1;3,538461538;7,269230769;7;4;4;5;5;5;4;3;5;4,666666667;1,111111111;0
5dc1b8015d81cd12592f0dcd;5;3;5;5;4;2;4;2;3;6;1;3;4;3;3;4;3;1;2;2;4,333333333;1,881578947;1;5;1;3;5;2;2;6;3,125;3,359375;3;7;6;7;4;3;4;1;4;5;5;6;3;4,461538462;3,102564103;4;4;3;3;5;5;5;4;6;4,333333333;0,888888889;0
5dc1bdcfb4c0ec124d4342c9;5;5;7;7;6;7;6;5;7;7;6;6;7;7;7;6;7;7;6;6;5,666666667;0,555263158;5;5;6;4;6;2;5;4;4,625;1,484375;7;7;7;7;2;7;7;1;7;4;7;7;7;5,923076923;4,576923077;7;7;7;7;7;7;7;7;7;7;0;1
5dc48beeb4c0ec35bab2b6fb;2;2;7;6;7;6;3;2;6;7;6;2;4;5;3;3;6;7;3;2;3,666666667;4,05;3;7;7;6;6;6;6;7;6;1,5;7;7;7;7;1;2;1;1;7;1;6;7;6;4,615384615;8,08974359;5;6;2;5;6;6;7;7;7;5,666666667;2,222222222;0
5dc8640061384b70477b38fd;7;7;1;1;7;7;7;7;1;7;1;7;1;1;7;1;1;1;1;1;5;9,378947368;4;4;7;4;1;7;3;1;3,875;4,609375;7;1;1;7;1;4;1;1;4;4;7;7;4;3,769230769;6,692307692;7;7;7;7;7;7;7;7;7;7;0;1
5dc95ddc0a290066b15862d3;1;1;7;6;4;2;3;2;5;7;5;7;7;6;7;5;5;5;3;4;3;4,147368421;7;7;7;5;5;3;6;6;5,75;1,6875;7;7;7;7;1;4;5;1;5;4;6;6;7;5,153846154;4,641025641;6;5;2;3;2;3;3;3;2;3,222222222;1,728395062;0
5dca6acb45b8f97464410663;1;1;5;5;3;5;1;1;4;5;1;3;1;1;3;1;4;1;2;2;2,333333333;2,684210526;7;7;6;7;7;7;6;7;6,75;0,1875;7;4;4;7;7;7;1;1;7;1;4;7;7;4,923076923;6,576923077;1;1;1;1;1;1;1;1;1;1;0;1
5dcaa05d84b4cf7812b15170;1;1;6;1;4;1;4;2;2;3;1;1;6;6;1;6;1;5;1;1;2,666666667;4,326315789;4;7;7;5;7;6;7;2;5,625;2,984375;7;7;4;7;1;4;2;1;6;2;5;4;6;4,307692308;5,064102564;6;6;6;5;5;5;5;5;5;5,333333333;0,222222222;0
5dcc70a1286555909e91d2ec;2;2;6;6;5;2;4;2;3;7;2;4;6;5;5;3;2;4;2;2;3,333333333;2,957894737;7;7;7;7;7;7;7;7;7;0;7;7;7;7;3;3;4;1;4;4;5;5;7;4,923076923;3,91025641;5;7;7;7;7;7;6;6;6;6,444444444;0,469135802;1
5dcc8459bfb31a920381996e;1;1;7;1;4;1;1;1;1;7;1;1;4;1;1;1;1;1;1;1;3;3,884210526;4;7;7;7;7;7;7;5;6,375;1,234375;7;7;7;7;1;7;1;1;7;1;1;7;7;4,692307692;9,230769231;6;7;7;5;6;7;7;7;7;6,555555556;0,469135802;0
5dcd13ca6a8a33969923c480;2;2;6;6;7;2;5;3;3;7;2;2;3;3;3;6;3;3;3;3;3,333333333;3,063157895;3;6;7;7;7;5;4;3;5,25;2,6875;7;7;6;1;2;4;2;1;3;1;6;6;6;4;5,833333333;5;6;6;6;6;6;6;6;6;5,888888889;0,098765432;0
5dce52a84d695a0718301523;2;2;7;6;2;2;2;2;2;7;3;2;2;2;2;5;2;4;2;2;3,666666667;3,157894737;6;6;6;6;6;6;6;6;6;0;6;6;2;7;1;1;3;1;6;2;6;6;6;4,076923077;5,743589744;6;5;6;6;6;6;6;6;5;5,777777778;0,172839506;1
5dd3facbf85b503d9859fa6c;1;1;7;4;2;1;1;4;4;6;1;1;3;1;3;2;1;1;1;1;3;3,378947368;7;5;6;6;6;7;7;4;6;1;7;7;6;7;1;2;3;1;5;2;1;4;7;4,076923077;6,41025641;2;2;2;1;4;4;6;3;5;3,222222222;2,395061728;0
5dd42fa39b6104414f7025a2;1;1;6;1;5;1;5;1;2;7;1;1;1;6;1;5;2;4;1;1;2,666666667;4,765789474;3;6;6;6;6;3;5;4;4,875;1,609375;7;7;7;7;1;2;2;1;6;1;5;6;5;4,384615385;6,58974359;5;6;6;6;5;6;6;6;6;5,777777778;0,172839506;0