session_id,participant_id,status,started_datetime,completed_date_time,time_taken,age,num_approvals,num_rejections,prolific_score,reviewed_at_datetime,entered_code,Country of Birth,Current Country of Residence,Employment Status,First Language,Fluent languages,Language related disorders,Nationality,Sex,Student Status,Weekly device usage
5dc53d3141bd6e3c01bad5cd,5af6cbadf856320001cf4a34,APPROVED,2019-11-08 10:02:28.416000,2019-11-08 10:22:50.763000,1222.347,22,26,0,100,2019-11-24 15:10:11.752000,HRWSB3Q2,United Kingdom,United Kingdom,"Not in paid work (e.g. homemaker', 'retired or disabled)",English,English,none,United Kingdom,Female,No,2-6 times a week
5dc53d73a8e8b53bfc87f1a1,597f8ffc55a1800001337a81,APPROVED,2019-11-08 10:07:18.059000,2019-11-08 10:33:02.286000,1544.227,39,231,1,100,2019-11-24 15:10:13.014000,HRWSB3Q2,Poland,United Kingdom,"Not in paid work (e.g. homemaker', 'retired or disabled)",Polish,"English, Polish",none,Poland,Female,No,Every day
5dc53d7476eab23c3c96e45f,5c0ebf81857373000152ed32,APPROVED,2019-11-08 10:03:36.517000,2019-11-08 10:28:00.162000,1463.645,34,279,2,99,2019-11-24 15:10:13.882000,HRWSB3Q2,United Kingdom,United Kingdom,"Not in paid work (e.g. homemaker', 'retired or disabled)",English,English,none,United Kingdom,Female,No,Every day
5dc53d7ef3795b3b985649fd,5da1eb441b927a00168d2a30,APPROVED,2019-11-08 10:03:44.384000,2019-11-08 10:23:52.269000,1207.885,35,105,0,100,2019-11-24 15:10:16.152000,HRWSB3Q2,Poland,United Kingdom,Full-Time,Polish,"Polish, English",none,Poland,Male,No,2-6 times a week
5dc53d7ed999de3cfad55d20,56051814e372c00011bd556a,APPROVED,2019-11-08 10:03:49.201000,2019-11-08 10:24:05.530000,1216.329,33,960,1,100,2019-11-24 15:10:14.925000,HRWSB3Q2,United Kingdom,United Kingdom,Part-Time,English,English,none,United Kingdom,Female,No,Multiple times every day
5dc53d9984116a3c58328c97,58fa36995214e3000193281c,APPROVED,2019-11-08 10:04:14.476000,2019-11-08 10:29:35.318000,1520.842,36,650,2,100,2019-11-24 15:10:17.068000,HRWSB3Q2,United Kingdom,United Kingdom,Part-Time,English,English,none,United Kingdom,Female,No,Every day
5dc53daecea53e3bbc6115e7,5da06f90abe01f00166c2f16,APPROVED,2019-11-08 10:04:34.482000,2019-11-08 10:24:23.226000,1188.744,29,114,1,100,2019-11-24 15:10:18.200000,HRWSB3Q2,United Kingdom,United Kingdom,Full-Time,English,"English, Urdu",none,United Kingdom,Female,No,Every day
5dc582ffe5e1863f49f58ccd,5d4a0765eae90d0019a6265a,APPROVED,2019-11-08 15:00:15.611000,2019-11-08 15:11:45.521000,689.91,20,504,16,95,2019-11-24 15:10:19.290000,HRWSB3Q2,United Kingdom,United Kingdom,Full-Time,English,English,none,United Kingdom,Female,No,Multiple times every day
5dc5830488f2803fe125e730,5cb23be15c3c93000184f27a,APPROVED,2019-11-08 15:00:51.726000,2019-11-08 15:14:36.440000,824.714,20,232,0,100,2019-11-24 15:10:20.417000,HRWSB3Q2,United Kingdom,United Kingdom,Other,Albanian,English,none,United Kingdom,Female,Yes,Multiple times every day
5dc58307a8e8b53f2dc50db2,5aad68f74ea21d000101c20c,RETURNED,2019-11-08 15:11:00.063000,,31966343.320281,27,681,9,98,,,CONSENT REVOKED,CONSENT REVOKED,CONSENT REVOKED,CONSENT REVOKED,CONSENT REVOKED,CONSENT REVOKED,CONSENT REVOKED,CONSENT REVOKED,CONSENT REVOKED,CONSENT REVOKED
5dc583097bea723f12ba560d,5b7e7de287d85f0001bac19a,APPROVED,2019-11-08 15:00:27.631000,2019-11-08 15:28:35.236000,1687.605,70,519,6,98,2019-11-24 15:10:21.310000,HRWSB3Q2,United Kingdom,United Kingdom,"Not in paid work (e.g. homemaker', 'retired or disabled)",English,English,none,United Kingdom,Female,No,Multiple times every day
5dc58309611e1a3f9ab5be0e,5d923f988eaeee0765fa3851,TIMED-OUT,2019-11-08 15:00:28.015000,,31966975.619227,33,40,0,100,,,United Kingdom,United Kingdom,Unemployed (and job seeking),English,English,none,United Kingdom,Female,No,Multiple times every day
5dc58309b8a4b0401d8f369f,5c712aef1cf0120001bf9ae3,APPROVED,2019-11-08 15:00:28.818000,2019-11-08 15:21:34.254000,1265.436,19,71,2,99,2019-11-24 15:10:22.185000,HRWSB3Q2,Portugal,United Kingdom,Other,Portuguese,"French, Spanish, English, Portuguese",none,Portugal,Female,Yes,Every day
5dc5830aac77c73f14d22543,5d37016fb3fa9f00011456bc,RETURNED,2019-11-08 15:00:44.245000,,31966959.656175,26,155,0,100,,,CONSENT REVOKED,CONSENT REVOKED,CONSENT REVOKED,CONSENT REVOKED,CONSENT REVOKED,CONSENT REVOKED,CONSENT REVOKED,CONSENT REVOKED,CONSENT REVOKED,CONSENT REVOKED
5dc584c4a4b6ac410ddb93ee,5c87b4fc7e3a9f0016245fde,RETURNED,2019-11-08 15:09:46.866000,,31966417.035278,21,399,5,99,,,CONSENT REVOKED,CONSENT REVOKED,CONSENT REVOKED,CONSENT REVOKED,CONSENT REVOKED,CONSENT REVOKED,CONSENT REVOKED,CONSENT REVOKED,CONSENT REVOKED,CONSENT REVOKED
5dc5858a89691e407b7305e5,5d1a05e0628de0001966d713,APPROVED,2019-11-08 15:11:08.286000,2019-11-08 15:32:06.683000,1258.397,51,254,1,100,2019-11-24 15:10:23.095000,HRWSB3Q2,United Kingdom,United Kingdom,Due to start a new job within the next month,English,English,none,United Kingdom,Female,No,2-6 times a week
5dc58796d291913fcfd949d1,5d0513dde22a26000104cea5,APPROVED,2019-11-08 15:19:52.239000,2019-11-08 15:47:43.760000,1671.521,32,219,1,100,2019-11-24 15:10:24.101000,HRWSB3Q2,United Kingdom,United Kingdom,Part-Time,English,English,none,United Kingdom,Female,No,Every day
5dc5910a301fd140d620aa74,5c40dea5f374a90001622c8e,APPROVED,2019-11-08 16:00:49.869000,2019-11-08 16:18:22.677000,1052.808,20,333,1,100,2019-11-24 15:10:25.104000,HRWSB3Q2,United Kingdom,United Kingdom,Unemployed (and job seeking),English,English,none,United Kingdom,Female,Yes,Multiple times every day
5dc5c953902a9843f0c6fc52,5c48d7f51f786600018d4dee,APPROVED,2019-11-08 20:00:21.642000,2019-11-08 20:13:44.317000,802.675,43,268,6,98,2019-11-24 15:10:26.044000,HRWSB3Q2,United Kingdom,United Kingdom,Full-Time,English,English,none,United Kingdom,Male,No,Multiple times every day
5dc5c954a4b6ac44c33f532b,5d867e7268f35d00167729d4,APPROVED,2019-11-08 20:00:28.602000,2019-11-08 20:20:22.994000,1194.392,47,217,1,100,2019-11-24 15:10:27.293000,HRWSB3Q2,United Kingdom,United Kingdom,Full-Time,English,English,none,United Kingdom,Female,No,2-6 times a week
5dc5c9566a24b5431f423057,5c85010127f8cb0016c93b02,APPROVED,2019-11-08 20:03:05.593000,2019-11-08 20:23:21.007000,1215.414,36,215,0,100,2019-11-24 15:10:28.271000,HRWSB3Q2,United Kingdom,United Kingdom,"Not in paid work (e.g. homemaker', 'retired or disabled)",English,English,none,United Kingdom,Female,No,Every day
5dc5c9568270314397ef4669,5d87415472aeb000012913d6,TIMED-OUT,2019-11-08 20:00:27.170000,,31948978.273009,23,173,2,99,,,Bulgaria,United Kingdom,Part-Time,Bulgarian,"English, Bulgarian",none,Bulgaria,Female,No,Multiple times every day
5dc5c95c302a184406d71ff3,5db71dae2fe96d000b5be6ea,APPROVED,2019-11-08 20:00:28.324000,2019-11-08 20:32:12.281000,1903.957,23,51,0,101,2019-11-24 15:10:29.129000,HRWSB3Q2,Bulgaria,United Kingdom,"Not in paid work (e.g. homemaker', 'retired or disabled)",Bulgarian,"Bulgarian, English, German",none,Bulgaria,Female,Yes,Every day
5dc5c95c9e40c94437d8c8d0,5ce5c03aed9d610001f603b4,APPROVED,2019-11-08 20:03:10.125000,2019-11-08 20:44:05.045000,2454.92,20,115,0,100,2019-11-24 15:10:30.017000,HRWSB3Q2,Slovenia,United Kingdom,Other,Slovenian,"English, Slovenian",none,Slovenia,Female,Yes,2-6 times a week
5dc5c95e5e2a7743fd33bd59,5d3cc4bd1850400016d2bb66,APPROVED,2019-11-08 20:00:30.692000,2019-11-08 20:21:39.939000,1269.247,20,303,1,100,2019-11-24 15:10:31.006000,HRWSB3Q2,India,United Kingdom,Due to start a new job within the next month,English,English,none,United Kingdom,Male,Yes,Multiple times every day
5dc5d6c941bd6e44a6094c47,588093c6704f1100014a3d01,APPROVED,2019-11-08 20:57:45.411000,2019-11-08 21:38:46.823000,2461.412,33,514,1,100,2019-11-24 15:10:31.852000,HRWSB3Q2,Poland,United Kingdom,Full-Time,Polish,"English, Polish",none,Poland,Female,No,Multiple times every day
5dc68e47d210e44bf174de08,5d91fcb1857954001727df08,APPROVED,2019-11-09 10:00:41.953000,2019-11-09 10:13:43.843000,781.89,29,302,11,93,2019-11-24 15:10:32.723000,HRWSB3Q2,United Kingdom,United Kingdom,Full-Time,English,English,none,United Kingdom,Female,No,Every day
5dc68e4a5d81cd4b9e0c68cc,5c66bbd0d0fb37000172fdfe,APPROVED,2019-11-09 10:00:42.613000,2019-11-09 10:15:39.791000,897.178,20,549,1,100,2019-11-24 15:10:33.756000,HRWSB3Q2,United Kingdom,United Kingdom,Unemployed (and job seeking),English,"English, German",none,United Kingdom,Male,Yes,Every day
5dc68e4c902a984b444c0297,5ccf4438a92acb0016c78438,TIMED-OUT,2019-11-09 10:00:47.997000,,31898558.763595,43,431,4,98,,,United Kingdom,United Kingdom,Full-Time,English,"Romanian, Italian, Portuguese, English",none,United Kingdom,Male,No,Multiple times every day
5dc68e510a29004b66ad980f,5c95731b590ab8001514f655,APPROVED,2019-11-09 10:00:52.950000,2019-11-09 10:36:01.886000,2108.936,52,314,2,99,2019-11-24 15:10:34.794000,HRWSB3Q2,United Kingdom,United Kingdom,Full-Time,English,English,none,United Kingdom,Female,No,Multiple times every day
5dc68e5ad210e44c445a2633,5c5a000eb7edc10001a7ee16,APPROVED,2019-11-09 10:01:01.839000,2019-11-09 10:23:34.433000,1352.594,33,481,1,100,2019-11-24 15:10:36.951000,HRWSB3Q2,United Kingdom,United Kingdom,Full-Time,English,English,none,United Kingdom,Female,No,Multiple times every day
5dc68e5a27a2674bdda446e1,5caa11e5a15c9800161ad16d,APPROVED,2019-11-09 10:01:09.429000,2019-11-09 10:23:45.656000,1356.227,46,433,2,100,2019-11-24 15:10:35.754000,HRWSB3Q2,United Kingdom,United Kingdom,Part-Time,English,English,none,United Kingdom,Female,No,Multiple times every day
5dc68e5cae3b3b4b7af5c36b,5c2a1f3667d56300016a3b97,APPROVED,2019-11-09 10:01:05.482000,2019-11-09 10:20:58.804000,1193.322,66,493,3,100,2019-11-24 15:10:37.806000,HRWSB3Q2,United Kingdom,United Kingdom,"Not in paid work (e.g. homemaker', 'retired or disabled)",English,English,none,United Kingdom,Female,No,2-6 times a week
5dc69c3d0133ef4c5c4397b2,5c86a1d397d50d0001d81b0c,APPROVED,2019-11-09 11:00:17.167000,2019-11-09 11:24:23.724000,1446.557,55,532,0,100,2019-11-24 15:10:38.677000,HRWSB3Q2,United Kingdom,United Kingdom,Part-Time,English,English,none,United Kingdom,Male,No,Multiple times every day
5dc6c58bc0621a4d2954efe2,5c8bbcad1200240017bb239a,APPROVED,2019-11-09 13:56:38.174000,2019-11-09 14:20:54.812000,1456.638,25,441,7,98,2019-11-24 15:10:39.566000,HRWSB3Q2,Poland,United Kingdom,Unemployed (and job seeking),Polish,"Polish, English",none,United Kingdom,Male,Yes,2-6 times a week
5dc6c591aa43144d4655f744,5b166e64dbae3e00017e5ddb,APPROVED,2019-11-09 13:56:36.693000,2019-11-09 14:23:04.230000,1587.537,32,375,1,100,2019-11-24 15:10:40.433000,HRWSB3Q2,United Kingdom,United Kingdom,Full-Time,English,English,none,United Kingdom,Female,Yes,2-6 times a week
5dc6c593a8901b4d4b8b8dd2,5774ed97d8e8880001b2ff6c,APPROVED,2019-11-09 13:56:35.232000,2019-11-09 14:21:55.842000,1520.61,58,1327,9,100,2019-11-24 15:10:41.291000,HRWSB3Q2,United Kingdom,United Kingdom,"Not in paid work (e.g. homemaker', 'retired or disabled)",English,English,none,United Kingdom,Female,No,Multiple times every day
5dc6c5950550ef4d98421b1b,5c4617f10b6d0600018232bb,APPROVED,2019-11-09 13:56:37.409000,2019-11-09 14:34:05.048000,2247.639,30,287,1,100,2019-11-24 15:10:42.295000,HRWSB3Q2,United Kingdom,United Kingdom,Full-Time,English,English,none,United Kingdom,Male,No,Every day
5dc6c596178fc94cd88361c2,5a8185b8aa46dd00016b80d6,APPROVED,2019-11-09 13:56:38.312000,2019-11-09 14:21:42.797000,1504.485,49,907,0,100,2019-11-24 15:10:43.339000,HRWSB3Q2,United Kingdom,United Kingdom,Full-Time,English,English,none,United Kingdom,Female,No,Multiple times every day
5dc6c599f7bfb14d6aa5908a,5cc6d3c83a571a0001dfba80,APPROVED,2019-11-09 13:56:44.649000,2019-11-09 14:23:17.992000,1593.343,58,211,3,99,2019-11-24 15:10:44.196000,HRWSB3Q2,United Kingdom,United Kingdom,Part-Time,English,English,none,United Kingdom,Female,No,Every day
5dc6c59a61384b5fbe183c66,5d670a59aa02520017b1a61e,APPROVED,2019-11-09 13:56:49.695000,2019-11-09 14:16:44.991000,1195.296,21,110,0,100,2019-11-24 15:10:45.065000,HRWSB3Q2,Poland,Poland,Unemployed (and job seeking),Polish,"English, Polish",none,Poland,Male,Yes,Multiple times every day
5dc6d4881173bb4df56214aa,5db1b8445c596f000c173b71,APPROVED,2019-11-09 15:00:27,2019-11-09 15:16:10.229000,943.229,49,76,0,100,2019-11-24 15:10:45.941000,HRWSB3Q2,United Kingdom,,Full-Time,English,English,none,United Kingdom,Male,No,Every day
5dc6d48928e0d55f8788724a,5ced2b44c0267f0001445982,APPROVED,2019-11-09 15:00:42.617000,2019-11-09 15:30:26.867000,1784.25,52,379,0,100,2019-11-24 15:10:46.804000,HRWSB3Q2,United Kingdom,United Kingdom,Part-Time,English,English,none,United Kingdom,Female,No,Every day
5dc6d49191c2ba4db775b812,5c5eb5f38f58370001393878,APPROVED,2019-11-09 15:00:33.711000,2019-11-09 15:16:04.244000,930.533,41,533,3,100,2019-11-24 15:10:47.786000,HRWSB3Q2,United Kingdom,United Kingdom,Part-Time,English,English,none,United Kingdom,Male,No,Multiple times every day
5dc6d49961384b60177ff5ca,590b59be9e10af000115acac,APPROVED,2019-11-09 15:00:44.101000,2019-11-09 15:14:34.206000,830.105,53,778,4,100,2019-11-24 15:10:48.707000,HRWSB3Q2,Australia,United Kingdom,Full-Time,English,English,none,United Kingdom,Female,No,Every day
5dc6d49b6a24b54d4e3f5232,5dac3f1b063b1e00170131e1,APPROVED,2019-11-09 15:00:43.342000,2019-11-09 15:27:52.496000,1629.154,30,48,0,100,2019-11-24 15:10:49.593000,HRWSB3Q2,United Kingdom,United Kingdom,Unemployed (and job seeking),English,English,none,United Kingdom,Female,Yes,Multiple times every day
5dc6d49c28e0d55f8788724b,5da378db6a166a00104730ea,APPROVED,2019-11-09 15:00:44.465000,2019-11-09 15:24:22.154000,1417.689,20,157,0,100,2019-11-24 15:10:50.450000,HRWSB3Q2,United Kingdom,United Kingdom,Unemployed (and job seeking),English,English,none,United Kingdom,Male,No,Multiple times every day
5dc6d4a16a24b54d4e3f5233,5da65387a9dcad0015d87d8c,APPROVED,2019-11-09 15:00:52.670000,2019-11-09 15:29:31.048000,1718.378,42,107,0,100,2019-11-24 15:10:51.352000,HRWSB3Q2,United Kingdom,United Kingdom,Full-Time,English,English,none,United Kingdom,Female,No,Multiple times every day
5dc71ab23a5e6c50e25c5c79,5d88b1c27250e90001c40cfc,APPROVED,2019-11-09 20:00:55.212000,2019-11-09 20:24:56.861000,1441.649,29,187,0,100,2019-11-24 15:10:52.225000,HRWSB3Q2,United Kingdom,Ireland,Full-Time,English,English,none,Ireland,Female,No,Every day
5dc71aba0389e44fc986a8a8,5d838915e3876a00014c44b9,APPROVED,2019-11-09 20:00:01.212000,2019-11-09 20:17:19.135000,1037.923,22,124,1,100,2019-11-24 15:10:53.224000,HRWSB3Q2,United Kingdom,United Kingdom,Full-Time,English,English,none,United Kingdom,Female,No,Multiple times every day
5dc71abea82924515425d4f4,5d5321290c2a6a0017cc6a80,APPROVED,2019-11-09 20:00:02.149000,2019-11-09 20:19:14.067000,1151.918,46,209,0,100,2019-11-24 15:10:54.139000,HRWSB3Q2,United Kingdom,United Kingdom,Full-Time,English,English,none,United Kingdom,Female,No,Multiple times every day
5dc71ac757533d516e995dab,5d69056fb96552001b264f87,APPROVED,2019-11-09 20:00:10.343000,2019-11-09 20:18:45.666000,1115.323,29,163,0,100,2019-11-24 15:10:55.128000,HRWSB3Q2,Romania,United Kingdom,Full-Time,Romanian,"English, Romanian, Spanish",none,Romania,Female,No,Multiple times every day
5dc71ac8302a185116e65765,5d8125f63d05eb0001731115,APPROVED,2019-11-09 20:01:30.238000,2019-11-09 20:26:32.350000,1502.112,30,357,2,100,2019-11-24 15:10:55.992000,HRWSB3Q2,Bulgaria,United Kingdom,Part-Time,English,"English, Italian, Bulgarian",none,Bulgaria,Female,No,Multiple times every day
5dc71acb302a185116e65766,5b03119a22ffb50001cbcb89,APPROVED,2019-11-09 20:00:16.765000,2019-11-09 20:19:04.528000,1127.763,64,726,3,100,2019-11-24 15:10:57.008000,HRWSB3Q2,United Kingdom,United Kingdom,"Not in paid work (e.g. homemaker', 'retired or disabled)",English,English,none,United Kingdom,Male,No,Multiple times every day
5dc71acd2b1e545112594185,5c55826e2215a20001450144,RETURNED,2019-11-09 20:11:00.013000,,31861953.172251,58,517,2,100,,,CONSENT REVOKED,CONSENT REVOKED,CONSENT REVOKED,CONSENT REVOKED,CONSENT REVOKED,CONSENT REVOKED,CONSENT REVOKED,CONSENT REVOKED,CONSENT REVOKED,CONSENT REVOKED
5dc71d686a24b55124a084a3,5d384c97285d1400199a2886,APPROVED,2019-11-09 20:11:48.283000,2019-11-09 20:47:15.347000,2127.064,43,390,2,99,2019-11-24 15:10:57.952000,HRWSB3Q2,China,United Kingdom,Full-Time,Chinese,"Chinese, English",none,United Kingdom,Male,No,Every day
5dc7df7f8febed5835a7b225,5d7e8b886984850001138382,APPROVED,2019-11-10 09:59:33.755000,2019-11-10 10:34:14.456000,2080.701,34,347,1,100,2019-11-24 15:10:58.931000,HRWSB3Q2,United Kingdom,United Kingdom,Part-Time,English,English,none,United Kingdom,Female,No,Multiple times every day
5dc7df86e0b783585e5f6e2b,5dbf0e8d5b65ef3af6168ca8,APPROVED,2019-11-10 10:03:56.671000,2019-11-10 10:28:16.336000,1459.665,23,73,0,100,2019-11-24 15:10:59.799000,HRWSB3Q2,United Kingdom,United Kingdom,Full-Time,English,English,none,United Kingdom,Male,Yes,Multiple times every day
5dc7df87a4b6ac58caa1fb88,5d7d75f4ea2fe40001dff5a4,APPROVED,2019-11-10 10:00:51.240000,2019-11-10 10:14:03.039000,791.799,36,348,5,99,2019-11-24 15:11:00.732000,HRWSB3Q2,United Kingdom,United Kingdom,Full-Time,English,English,none,United Kingdom,Female,No,Every day
5dc7df890016bb5730d6035a,5d63c08592a38a0017d83fba,APPROVED,2019-11-10 09:59:37.289000,2019-11-10 10:26:54.460000,1637.171,30,316,6,98,2019-11-24 15:11:01.592000,HRWSB3Q2,United Kingdom,United Kingdom,Full-Time,English,"Spanish, English",none,United Kingdom,Male,No,Multiple times every day
5dc7df8926eb865764e3716b,5d6e3802ec4df400153b7ed4,APPROVED,2019-11-10 09:59:37.455000,2019-11-10 10:29:06.590000,1769.135,33,316,3,99,2019-11-24 15:11:02.445000,HRWSB3Q2,India,United Kingdom,Full-Time,English,"Tamil, English, Hindi",none,India,Male,No,Multiple times every day
5dc7df897bea7257a80b0e09,5d542c3a5af5900019bc80c4,APPROVED,2019-11-10 09:59:42.596000,2019-11-10 10:14:50.108000,907.512,46,437,2,100,2019-11-24 15:11:03.379000,HRWSB3Q2,United Kingdom,United Kingdom,Full-Time,English,English,none,United Kingdom,Female,No,Multiple times every day
5dc7df8bbdcd7d578b1740e4,5da33047f9661900181b2c57,APPROVED,2019-11-10 09:59:40.732000,2019-11-10 10:19:41.528000,1200.796,25,39,2,92,2019-11-24 15:11:04.411000,HRWSB3Q2,United Kingdom,United Kingdom,"Not in paid work (e.g. homemaker', 'retired or disabled)",English,English,none,United States,Female,No,Multiple times every day
5dc825d8ac77c75a801086d5,5a94d2e989de8200013ecab6,APPROVED,2019-11-10 15:00:03.193000,2019-11-10 15:15:31.123000,927.93,26,726,5,100,2019-11-24 15:11:05.297000,HRWSB3Q2,United Kingdom,United Kingdom,Unemployed (and job seeking),English,English,none,United Kingdom,Male,Yes,Multiple times every day
5dc825de302a185aa1a11925,5d6e9abe5e156a00018de2bc,APPROVED,2019-11-10 14:59:42.575000,2019-11-10 15:16:56.486000,1033.911,33,197,1,100,2019-11-24 15:11:06.209000,HRWSB3Q2,Mexico,United Kingdom,Unemployed (and job seeking),Spanish,"English, Spanish",none,Mexico,Female,Yes,Every day
5dc825e3a6eae35a2293b228,5b2a2d855b5c0900018b0bf5,APPROVED,2019-11-10 15:01:03.491000,2019-11-10 15:18:24.060000,1040.569,45,707,3,100,2019-11-24 15:11:07.079000,HRWSB3Q2,United Kingdom,United Kingdom,Full-Time,English,English,none,United Kingdom,Female,No,Every day
5dc825e50feb415adf54c941,5cbe2b5ecca5e80001e7d603,APPROVED,2019-11-10 14:59:50.385000,2019-11-10 15:20:03.312000,1212.927,50,348,7,95,2019-11-24 15:11:07.959000,HRWSB3Q2,United Kingdom,United Kingdom,Full-Time,English,English,none,United Kingdom,Female,No,Every day
5dc825e75f75345a58076d7f,5d4927e399f83a00152bad4c,APPROVED,2019-11-10 14:59:51.697000,2019-11-10 15:50:48.504000,3056.807,47,428,0,100,2019-11-24 15:11:08.885000,HRWSB3Q2,United Kingdom,United Kingdom,Full-Time,English,English,none,United Kingdom,Male,No,Multiple times every day
5dc825ec4b54775a43665769,5c698d07effdaa0001d791cd,APPROVED,2019-11-10 15:00:48.999000,2019-11-10 15:23:37.072000,1368.073,27,390,1,100,2019-11-24 15:11:09.929000,HRWSB3Q2,United Kingdom,United Kingdom,Due to start a new job within the next month,English,English,none,United Kingdom,Female,No,Multiple times every day
5dc825efd0b86f5b03e9b004,5d18c34767d25100183575e1,APPROVED,2019-11-10 15:00:37.442000,2019-11-10 15:30:06.304000,1768.862,23,109,2,99,2019-11-24 15:11:10.807000,HRWSB3Q2,United Kingdom,United Kingdom,Full-Time,English,English,none,United Kingdom,Male,Yes,Multiple times every day
5dc8733df735305e95c1f9e8,59c63ec50aaf750001213c37,APPROVED,2019-11-10 20:29:55.778000,2019-11-10 20:47:20.359000,1044.581,54,553,2,100,2019-11-24 15:11:12.591000,HRWSB3Q2,United Kingdom,United Kingdom,Full-Time,English,English,none,United Kingdom,Female,No,Every day
5dc8733dc4c14f5dfbd54930,5d650da7855d77000110db2b,APPROVED,2019-11-10 20:29:52.753000,2019-11-10 20:55:03.962000,1511.209,51,341,4,99,2019-11-24 15:11:11.698000,HRWSB3Q2,United Kingdom,United Kingdom,Full-Time,English,English,none,United Kingdom,Female,Yes,Multiple times every day
5dc87340d210e45f8f97bcd4,5d372b99821bda0018a8a3e8,APPROVED,2019-11-10 20:29:52.029000,2019-11-10 20:44:10.827000,858.798,23,191,1,100,2019-11-24 15:11:14.450000,HRWSB3Q2,Hong Kong,United Kingdom,Other,English,"Chinese, English",none,Hong Kong,Female,Yes,Multiple times every day
5dc873400133ef5f7901cef3,5d7693bcc6a4bb0018618258,APPROVED,2019-11-10 20:29:52.691000,2019-11-10 20:47:15.762000,1043.071,26,137,0,100,2019-11-24 15:11:13.529000,HRWSB3Q2,United Kingdom,United Kingdom,Unemployed (and job seeking),English,English,none,United Kingdom,Female,No,Multiple times every day
5dc873418a84465e9f8590b0,5ad3bf18dfe710000183c510,APPROVED,2019-11-10 20:29:55.897000,2019-11-10 20:41:43.743000,707.846,30,456,10,96,2019-11-24 15:11:15.489000,HRWSB3Q2,United Kingdom,United Kingdom,Full-Time,English,English,none,United Kingdom,Female,No,Multiple times every day
5dc87341e5e1865ef45ef7d7,5d5468d8303f21001853913e,APPROVED,2019-11-10 20:29:55.540000,2019-11-10 20:45:42.507000,946.967,27,196,1,100,2019-11-24 15:11:16.369000,HRWSB3Q2,Germany,United Kingdom,Full-Time,English,English,none,United Kingdom,Female,No,Multiple times every day
5dc873438531b15e515a3b00,5da4f1c636f07700111ec3c2,APPROVED,2019-11-10 20:29:55.650000,2019-11-10 20:58:42.031000,1726.381,38,406,2,100,2019-11-24 15:11:17.234000,HRWSB3Q2,United Kingdom,United Kingdom,Unemployed (and job seeking),English,English,none,United Kingdom,Male,No,Multiple times every day
5dc9313bb1dabb65a5b924fa,5da82fffbcc8fb00176a277a,TIMED-OUT,2019-11-11 10:00:28.302000,,31725790.250724,27,70,1,100,,,United Kingdom,United Kingdom,Unemployed (and job seeking),English,English,none,United Kingdom,Male,No,Multiple times every day
5dc9313d5aed1d65a9cf1494,5d43e5f486382b001a579ef0,APPROVED,2019-11-11 10:00:32.768000,2019-11-11 10:14:16.596000,823.828,44,160,2,99,2019-11-24 15:11:18.092000,HRWSB3Q2,United Kingdom,United Kingdom,"Not in paid work (e.g. homemaker', 'retired or disabled)",English,English,none,United Kingdom,Female,No,2-6 times a week
5dc93141a9139565b71ff8c5,5d593dbaa0c0940001a471be,APPROVED,2019-11-11 10:00:39.149000,2019-11-11 10:24:46.841000,1447.692,29,347,2,100,2019-11-24 15:11:18.964000,HRWSB3Q2,United Kingdom,United Kingdom,Full-Time,English,English,none,United Kingdom,Male,No,Multiple times every day
5dc931433f0455657fded0c8,59dea7f56100f9000194a162,APPROVED,2019-11-11 10:00:40.452000,2019-11-11 10:32:41.491000,1921.039,35,328,8,98,2019-11-24 15:11:19.856000,HRWSB3Q2,United Kingdom,United Kingdom,Part-Time,English,English,none,United Kingdom,Female,No,Once a week
5dc931460a493f65c3ff1a97,5d2e0db5649703001a9c9028,APPROVED,2019-11-11 10:00:38.052000,2019-11-11 10:38:36.398000,2278.346,27,317,2,99,2019-11-24 15:11:20.870000,HRWSB3Q2,United Kingdom,United Kingdom,Full-Time,English,English,none,United Kingdom,Male,No,Every day
5dc93148b3e5c2643c8385c0,5d150669b296b500187df8f9,APPROVED,2019-11-11 10:01:52.148000,2019-11-11 10:10:44.627000,532.479,58,464,2,100,2019-11-24 15:11:21.724000,HRWSB3Q2,United Kingdom,United Kingdom,Full-Time,English,"English, Greek",none,United Kingdom,Female,No,Multiple times every day
5dc9314ac19a5c6599220f40,5b94df0a1aea7c00010a9668,APPROVED,2019-11-11 10:00:42.518000,2019-11-11 10:21:48.577000,1266.059,38,664,4,100,2019-11-24 15:11:22.608000,HRWSB3Q2,United Kingdom,United Kingdom,Part-Time,English,English,none,United Kingdom,Female,No,Multiple times every day
5dc93f38a6eae3662214a64e,5d9b02cd4ce5d302eb84801d,APPROVED,2019-11-11 11:00:19.913000,2019-11-11 11:15:29.491000,909.578,26,221,2,100,2019-11-24 15:11:23.475000,HRWSB3Q2,United Kingdom,United Kingdom,Unemployed (and job seeking),English,English,none,United Kingdom,Female,No,Multiple times every day
5dc97829547c1f6868235fe8,5d5537eb6416e9001aeaa895,APPROVED,2019-11-11 15:03:07.737000,2019-11-11 15:16:57.805000,830.068,30,116,0,101,2019-11-24 15:11:24.351000,HRWSB3Q2,United Kingdom,United Kingdom,Full-Time,English,English,none,United Kingdom,Female,No,Multiple times every day
5dc9782bdbf8206938cbf802,5ca7050c6fa13f00199cc2d4,APPROVED,2019-11-11 15:07:08.578000,2019-11-11 15:26:46.487000,1177.909,32,278,1,100,2019-11-24 15:11:25.234000,HRWSB3Q2,Portugal,United Kingdom,Full-Time,Portuguese,"English, Portuguese",none,Portugal,Male,No,Multiple times every day
5dc9782e74939e691e1ece7e,53a18b8ffdf99b79ca51df6e,APPROVED,2019-11-11 15:03:12.893000,2019-11-11 15:33:32.525000,1819.632,42,1150,19,98,2019-11-24 15:11:26.117000,HRWSB3Q2,United Kingdom,United Kingdom,Full-Time,English,"French, English, German",none,United Kingdom,Female,Yes,Multiple times every day
5dc9782fc0621a68fa2fbe17,5a11be3b38ed430001be835f,APPROVED,2019-11-11 15:03:14.354000,2019-11-11 15:22:10.376000,1136.022,31,223,2,100,2019-11-24 15:11:27.178000,HRWSB3Q2,United Kingdom,United Kingdom,Part-Time,English,English,not applicable,United Kingdom,Male,No,Multiple times every day
5dc978311173bb67f3efdc6b,5c2bdb9967278800017a6523,APPROVED,2019-11-11 15:04:04.591000,2019-11-11 15:19:34.756000,930.165,29,433,0,100,2019-11-24 15:11:28.058000,HRWSB3Q2,United Kingdom,United Kingdom,"Not in paid work (e.g. homemaker', 'retired or disabled)",English,English,none,United Kingdom,Male,No,Every day
5dc97834d999de69e48dc6cb,5c97f7ed18a759001648027a,APPROVED,2019-11-11 15:03:19.528000,2019-11-11 15:15:56.037000,756.509,28,268,2,100,2019-11-24 15:11:29.803000,HRWSB3Q2,United Kingdom,United Kingdom,Full-Time,English,English,none,United Kingdom,Female,No,Multiple times every day
5dc978340133ef69bedd3696,5d060f80049f6700011639c7,APPROVED,2019-11-11 15:03:19.286000,2019-11-11 15:30:41.698000,1642.412,29,119,3,97,2019-11-24 15:11:28.922000,HRWSB3Q2,United Kingdom,United Kingdom,Full-Time,English,English,none,United Kingdom,Female,No,Multiple times every day
5dc9bd475e2a776e41d80ae7,5cfebb94eafc4d001a62cbc9,APPROVED,2019-11-11 19:58:08.245000,2019-11-11 20:07:01.856000,533.611,27,330,3,99,2019-11-24 15:11:30.723000,HRWSB3Q2,United Kingdom,United Kingdom,Full-Time,English,"English, French",none,United Kingdom,Female,No,Multiple times every day
5dc9bd50ce6a9d6cba9e4a96,5d7fcde42125ae00190c55d9,APPROVED,2019-11-11 19:58:09.842000,2019-11-11 20:16:30.672000,1100.83,26,67,1,100,2019-11-24 15:11:31.628000,HRWSB3Q2,United Kingdom,United Kingdom,Full-Time,English,English,none,United Kingdom,Female,No,Multiple times every day
5dc9bd5384799a6d540de178,5a75b131eea3d300016ddc70,APPROVED,2019-11-11 20:04:39.625000,2019-11-11 20:21:21.725000,1002.1,40,849,9,99,2019-11-24 15:11:32.625000,HRWSB3Q2,United Kingdom,United Kingdom,Part-Time,English,English,"not applicable, none",United Kingdom,Male,No,Multiple times every day
5dc9bd5b05be6f6d7ce55edb,5dc04aba55b86247c9991f89,APPROVED,2019-11-11 19:58:21.021000,2019-11-11 20:26:16.405000,1675.384,30,283,3,100,2019-11-24 15:11:33.509000,HRWSB3Q2,United Kingdom,United Kingdom,Full-Time,English,English,none,United Kingdom,Female,Yes,Multiple times every day
5dc9bd5cff014d6dae124f4d,5cd6ba1d36870e001901b349,APPROVED,2019-11-11 19:58:54.902000,2019-11-11 20:21:48.907000,1374.005,32,508,6,98,2019-11-24 15:11:34.381000,HRWSB3Q2,United Kingdom,United Kingdom,Full-Time,English,English,none,United Kingdom,Female,No,Multiple times every day
5dc9bd5d7081386cca2173db,5a8f4907b093f80001a83cbe,APPROVED,2019-11-11 19:58:22.426000,2019-11-11 20:17:16.528000,1134.102,25,238,2,100,2019-11-24 15:11:35.257000,HRWSB3Q2,Malaysia,United Kingdom,Part-Time,English,"Malay, Chinese, English",none,Malaysia,Female,No,Multiple times every day
5dc9bd5f735496a91208630f,598770df492e910001deeb96,APPROVED,2019-11-11 19:58:27.037000,2019-11-11 20:16:56.181000,1109.144,45,329,10,97,2019-11-24 15:11:36.126000,HRWSB3Q2,United Kingdom,United Kingdom,Full-Time,English,English,none,United Kingdom,Female,No,Every day
5dca81a9b9fad3761f6a0fc0,5d6f92022b620100018f5640,APPROVED,2019-11-12 09:57:34.361000,2019-11-12 10:12:57.104000,922.743,37,218,7,92,2019-11-24 15:11:36.968000,HRWSB3Q2,United Kingdom,United Kingdom,Full-Time,English,English,none,United Kingdom,Female,No,Every day
5dca81ad880a2975cea25996,5ce66d8fed9d610001f60772,APPROVED,2019-11-12 09:55:59.744000,2019-11-12 10:16:10.326000,1210.582,32,345,1,100,2019-11-24 15:11:37.967000,HRWSB3Q2,United Kingdom,United Kingdom,Full-Time,English,English,none,United Kingdom,Female,No,Multiple times every day
5dca81ae0a493f76558d0aec,5c138299f0c32a00012064cf,APPROVED,2019-11-12 09:55:58.859000,2019-11-12 10:11:10.792000,911.933,23,204,1,100,2019-11-24 15:11:38.844000,HRWSB3Q2,Russian Federation,United Kingdom,Part-Time,Bulgarian,"French, Russian, Bulgarian, English",none,Bulgaria,Female,Yes,Multiple times every day
5dca81b68a8446766416e6c2,5c3a179abef9a20001e421b5,APPROVED,2019-11-12 09:56:12.115000,2019-11-12 10:13:49.849000,1057.734,42,346,1,100,2019-11-24 15:11:39.776000,HRWSB3Q2,United Kingdom,United Kingdom,Part-Time,English,English,none,United Kingdom,Female,No,Every day
5dca81b96a14e774fd248430,5cde8864a147210015aefe63,APPROVED,2019-11-12 09:56:12.748000,2019-11-12 10:14:07.501000,1074.753,45,311,2,100,2019-11-24 15:11:40.647000,HRWSB3Q2,United Kingdom,United Kingdom,Full-Time,English,English,none,United Kingdom,Female,No,Every day
5dca81bca8901b75542d0d18,58106d17a513590001b1ec9e,APPROVED,2019-11-12 09:56:16.528000,2019-11-12 10:28:48.698000,1952.17,60,855,3,100,2019-11-24 15:11:41.579000,HRWSB3Q2,United Kingdom,United Kingdom,Full-Time,English,English,none,United Kingdom,Male,No,Multiple times every day
5dca81bea0910f75e95d9cf5,5a5f945176d1c60001ab7e30,APPROVED,2019-11-12 09:56:20.854000,2019-11-12 10:19:22.672000,1381.818,62,670,1,100,2019-11-24 15:11:42.466000,HRWSB3Q2,United Kingdom,United Kingdom,"Not in paid work (e.g. homemaker', 'retired or disabled)",English,English,none,United Kingdom,Female,No,Every day
5dcac81d4fbd087a6eea0f25,5dc18e824b54770f16a7cbe2,APPROVED,2019-11-12 14:56:31.326000,2019-11-12 15:07:45.268000,673.942,21,38,3,93,2019-11-24 15:11:43.578000,HRWSB3Q2,United Kingdom,United Kingdom,"Not in paid work (e.g. homemaker', 'retired or disabled)",English,English,none,United Kingdom,Female,Yes,2-6 times a week
5dcac82043755e7a7f7f3376,5cf585b139f5f900196c1edb,APPROVED,2019-11-12 15:00:44.208000,2019-11-12 15:18:29.252000,1065.044,69,180,0,100,2019-11-24 15:11:44.505000,HRWSB3Q2,United Kingdom,United Kingdom,"Not in paid work (e.g. homemaker', 'retired or disabled)",English,English,none,United Kingdom,Female,No,Multiple times every day
5dcac820880a2979bc0e82af,5d85994fbbc0800019390cd4,APPROVED,2019-11-12 14:56:35.775000,2019-11-12 15:52:43.033000,3367.258,40,429,8,97,2019-11-24 15:11:45.430000,HRWSB3Q2,United Kingdom,United Kingdom,Part-Time,English,"English, Spanish",none,United States,Female,Yes,Every day
5dcac821b9d90479b0479bbc,5b3b48c5b6b4410001614786,APPROVED,2019-11-12 14:56:37.574000,2019-11-12 15:12:43.479000,965.905,37,705,14,96,2019-11-24 15:11:46.357000,HRWSB3Q2,United Kingdom,United Kingdom,Full-Time,English,English,none,United Kingdom,Female,No,Multiple times every day
5dcac822441a217993c1f9fb,5dbb001e211d851027cfe1f4,RETURNED,2019-11-12 14:56:38.334000,,31621628.790668,28,11,0,100,,,CONSENT REVOKED,CONSENT REVOKED,CONSENT REVOKED,CONSENT REVOKED,CONSENT REVOKED,CONSENT REVOKED,CONSENT REVOKED,CONSENT REVOKED,CONSENT REVOKED,CONSENT REVOKED
5dcac824ce6a9d79ae67a312,5d24f0ece7a2be001a8f2726,APPROVED,2019-11-12 14:56:38.376000,2019-11-12 15:08:04.185000,685.809,29,200,3,99,2019-11-24 15:11:48.293000,HRWSB3Q2,United Kingdom,United Kingdom,Part-Time,English,English,none,United Kingdom,Female,No,2-6 times a week
5dcac824b1dabb7a34efb510,5c05076379650700010ddb35,APPROVED,2019-11-12 14:56:36.888000,2019-11-12 15:13:05.540000,988.652,20,185,1,100,2019-11-24 15:11:47.347000,HRWSB3Q2,United Kingdom,United Kingdom,Part-Time,English,English,none,Poland,Male,Yes,Multiple times every day
5dcacb5a70d51c79800caee7,5a513719acc75b000179bff1,APPROVED,2019-11-12 15:10:19.606000,2019-11-12 15:41:45.647000,1886.041,48,304,4,99,2019-11-24 15:11:49.558000,HRWSB3Q2,United Kingdom,United Kingdom,Full-Time,English,English,none,United Kingdom,Female,No,Multiple times every day
5dcb0f839db53c7e6328d490,5dac875353e5e10017d1adaa,APPROVED,2019-11-12 20:01:09.114000,2019-11-12 20:19:44.196000,1115.082,31,144,1,100,2019-11-24 15:11:50.434000,HRWSB3Q2,United Kingdom,United Kingdom,Full-Time,English,English,none,United Kingdom,Male,No,2-6 times a week
5dcb0f8a1d8f6b7fa6b47a5e,5d67c1f0cb0a0e001af52e79,APPROVED,2019-11-12 20:06:06.207000,2019-11-12 20:25:25.237000,1159.03,34,204,0,100,2019-11-24 15:11:51.477000,HRWSB3Q2,United Kingdom,United Kingdom,"Not in paid work (e.g. homemaker', 'retired or disabled)",English,English,none,United Kingdom,Female,No,Every day
5dcb0f8c41bd6e7e03b09aec,5acbd67df69e940001d9cdda,APPROVED,2019-11-12 20:01:18.847000,2019-11-12 20:21:06.982000,1188.135,39,552,3,100,2019-11-24 15:11:52.402000,HRWSB3Q2,United Kingdom,United Kingdom,Full-Time,English,English,none,United Kingdom,Female,No,Multiple times every day
5dcb0f8ca8901b7efd1525ae,5c18259881976400016c9eca,APPROVED,2019-11-12 20:01:26.311000,2019-11-12 20:19:47.973000,1101.662,46,486,0,100,2019-11-24 15:11:53.506000,HRWSB3Q2,United Kingdom,United Kingdom,"Not in paid work (e.g. homemaker', 'retired or disabled)",English,English,none,United Kingdom,Female,No,Multiple times every day
5dcb0f8e3bc5e77f4e2e98ac,5c4a3ec9f117b1000134159f,APPROVED,2019-11-12 20:01:29.230000,2019-11-12 20:26:55.929000,1526.699,19,339,7,98,2019-11-24 15:11:54.402000,HRWSB3Q2,United Kingdom,United Kingdom,Part-Time,English,English,none,United Kingdom,Female,Yes,2-6 times a week
5dcb0f905082f0000fdf4d0c,5bdf8d59ee652a0001f09987,APPROVED,2019-11-12 20:01:23.033000,2019-11-12 20:46:22.676000,2699.643,53,204,2,100,2019-11-24 15:11:55.427000,HRWSB3Q2,United Kingdom,United Kingdom,Part-Time,English,English,none,United Kingdom,Male,No,Every day
5dcb0f920695e1000a2095fe,5c9b7866a1bfdf00165c5bd7,APPROVED,2019-11-12 20:01:25.408000,2019-11-12 20:24:34.633000,1389.225,21,213,2,99,2019-11-24 15:11:56.313000,HRWSB3Q2,United Kingdom,United Kingdom,Other,English,English,none,United Kingdom,Female,Yes,Multiple times every day
5dcbd8bc46148786d5270c17,5c6fe83f2b44fc000115f3b9,APPROVED,2019-11-13 10:19:44.049000,2019-11-13 10:39:52.863000,1208.814,43,316,3,100,2019-11-24 15:11:57.188000,HRWSB3Q2,United Kingdom,United Kingdom,Full-Time,English,English,none,United Kingdom,Male,No,Multiple times every day
5dcbd8beb4c0ec85d37f7154,5b100cb0a3553300017541c8,APPROVED,2019-11-13 10:19:44.978000,2019-11-13 10:38:14.981000,1110.003,61,752,2,100,2019-11-24 15:11:58.078000,HRWSB3Q2,United Kingdom,United Kingdom,Other,English,English,none,United Kingdom,Female,No,Every day
5dcbd8c246c7ba87afcca075,57a1e03b8eccbc0001f39c13,APPROVED,2019-11-13 10:26:04.907000,2019-11-13 10:56:40.646000,1835.739,40,1127,12,99,2019-11-24 15:11:59.034000,HRWSB3Q2,United Kingdom,United Kingdom,Full-Time,English,"English, French",none,United Kingdom,Male,No,Multiple times every day
5dcbd8c9718e6d87fdf6faa3,5995ad4cf9db7d0001895973,APPROVED,2019-11-13 10:19:57.215000,2019-11-13 10:42:25.585000,1348.37,28,448,5,99,2019-11-24 15:12:00.979000,HRWSB3Q2,United Kingdom,United Kingdom,Part-Time,English,English,none,United Kingdom,Female,No,Multiple times every day
5dcbd8c929bb6386daea72f9,5d3869444a0f0500198dc192,APPROVED,2019-11-13 10:19:53.375000,2019-11-13 10:40:29.853000,1236.478,30,321,2,100,2019-11-24 15:11:59.966000,HRWSB3Q2,United Kingdom,United Kingdom,Full-Time,English,English,none,United Kingdom,Male,No,Multiple times every day
5dcbd8cd8febed877646fe11,5d26f608af8d9e001ce6f85d,APPROVED,2019-11-13 10:20:01.925000,2019-11-13 10:55:34.151000,2132.226,26,178,2,100,2019-11-24 15:12:01.992000,HRWSB3Q2,United Kingdom,United Kingdom,Other,English,English,none,United Kingdom,Female,Yes,Every day
5dcbd8ce84116a86ad685b78,5d3eeb5ce6e732001b522eea,APPROVED,2019-11-13 10:19:58.719000,2019-11-13 10:32:05.687000,726.968,41,343,2,100,2019-11-24 15:12:02.957000,HRWSB3Q2,United Kingdom,United Kingdom,Full-Time,English,English,none,United Kingdom,Female,No,Every day
5dcbd8d0034b45877d5c7997,5d71258216975e0016d21fd3,APPROVED,2019-11-13 10:20:03.360000,2019-11-13 10:30:57.483000,654.123,35,50,3,94,2019-11-24 15:12:03.903000,HRWSB3Q2,United Kingdom,United Kingdom,Full-Time,English,English,none,United Kingdom,Female,No,Every day
5dcbd8d2e5dc41878ca139f5,54d64ee6fdf99b1bfc1d8997,APPROVED,2019-11-13 10:20:02.279000,2019-11-13 10:38:41.219000,1118.94,27,302,1,100,2019-11-24 15:12:04.793000,HRWSB3Q2,United Kingdom,United Kingdom,Full-Time,English,English,none,United Kingdom,Female,No,Every day
5dcbd8d3f375a987addd9435,58296b19c297cc00015159a8,APPROVED,2019-11-13 10:20:08.212000,2019-11-13 10:42:38.981000,1350.769,45,185,4,97,2019-11-24 15:12:05.724000,HRWSB3Q2,United Kingdom,United Kingdom,"Not in paid work (e.g. homemaker', 'retired or disabled)",English,English,none,United Kingdom,Female,No,Multiple times every day
5dcbd8d3f9d4a086c1cb1f64,5d1b1d232d8715001822bee7,APPROVED,2019-11-13 10:20:05.286000,2019-11-13 10:58:21.574000,2296.288,45,157,1,100,2019-11-24 15:12:06.756000,HRWSB3Q2,Spain,United Kingdom,Full-Time,Spanish,"Italian, Spanish, English",none,Spain,Male,No,Multiple times every day
5dcbd8d68a844687f823525d,5d53e3469b7c4e001a886f47,APPROVED,2019-11-13 10:20:10.076000,2019-11-13 10:37:47.478000,1057.402,28,180,2,99,2019-11-24 15:12:07.631000,HRWSB3Q2,United Kingdom,United Kingdom,Full-Time,English,English,none,United Kingdom,Female,No,Every day
5dcbd8d729bf89878041311f,5b7fc2b57f78e10001d688b5,APPROVED,2019-11-13 10:20:34.861000,2019-11-13 10:41:06.737000,1231.876,30,189,0,100,2019-11-24 15:12:08.498000,HRWSB3Q2,United Kingdom,United Kingdom,Full-Time,English,"Greek, English",none,United Kingdom,Female,No,Multiple times every day
5dcbd8d91d8f6b885b219328,5dc0257aff9c98465fc57ada,APPROVED,2019-11-13 10:20:09.493000,2019-11-13 10:39:42.566000,1173.073,55,287,3,99,2019-11-24 15:12:09.364000,HRWSB3Q2,United Kingdom,United Kingdom,Unemployed (and job seeking),English,English,none,United Kingdom,Female,No,Multiple times every day
5dcbd8d943755e87cd3fd19f,5c8b6b1fd721020014335b94,APPROVED,2019-11-13 10:20:20.441000,2019-11-13 11:08:17.452000,2877.011,36,417,8,97,2019-11-24 15:12:10.249000,HRWSB3Q2,United Kingdom,United Kingdom,Full-Time,English,English,none,United Kingdom,Female,No,Multiple times every day
5dcbd8dac19a5c873e9f39b7,5a577d25eedc320001425fd2,APPROVED,2019-11-13 10:20:18.322000,2019-11-13 10:30:13.035000,594.713,30,598,4,100,2019-11-24 15:12:11.142000,HRWSB3Q2,United Kingdom,United Kingdom,Full-Time,English,English,none,United Kingdom,Female,No,Multiple times every day
5dcbd8db88f28086fb4c942c,5d29b6e220c98f0017b6b8e6,APPROVED,2019-11-13 10:20:18.897000,2019-11-13 10:37:20.634000,1021.737,28,205,2,99,2019-11-24 15:12:12.139000,HRWSB3Q2,United Kingdom,United Kingdom,Part-Time,English,English,none,United Kingdom,Female,No,2-6 times a week
5dcc1ab8a67bd48ac3eda844,5a0dc5fbab721b0001ef8254,TIMED-OUT,2019-11-13 15:01:15,,31534958.772961,55,873,1,100,,,United Kingdom,United Kingdom,"Not in paid work (e.g. homemaker', 'retired or disabled)",English,English,none,United Kingdom,Female,No,Multiple times every day
5dcc1ab9dbe8c88b25287ed8,5cf0514fe92fb100015d25b0,APPROVED,2019-11-13 15:01:38.935000,2019-11-13 15:27:02.080000,1523.145,27,294,0,100,2019-11-24 15:12:13.076000,HRWSB3Q2,United Kingdom,United Kingdom,Unemployed (and job seeking),English,English,none,United Kingdom,Male,No,Multiple times every day
5dcc1abbff014d8a2c656d25,596d1cdfe81bf30001fe0533,APPROVED,2019-11-13 15:01:25.294000,2019-11-13 15:45:26.373000,2641.079,40,958,2,100,2019-11-24 15:12:13.961000,HRWSB3Q2,United Kingdom,United Kingdom,Full-Time,English,English,none,United Kingdom,Female,No,2-6 times a week
5dcc1abe8270318b32afd704,5cee7b8aa7e5f800160b5cdd,APPROVED,2019-11-13 15:01:24.225000,2019-11-13 15:25:52.618000,1468.393,36,195,2,100,2019-11-24 15:12:15.738000,HRWSB3Q2,United Kingdom,United Kingdom,Full-Time,English,English,none,United Kingdom,Male,No,Multiple times every day
5dcc1abe2bd18a8ace69a98f,5d0c33185a6f55001a9648f8,APPROVED,2019-11-13 15:01:18.948000,2019-11-13 15:14:45.738000,806.79,28,99,0,100,2019-11-24 15:12:14.853000,HRWSB3Q2,United Kingdom,United Kingdom,Unemployed (and job seeking),English,English,none,United Kingdom,Male,No,Multiple times every day
5dcc1ac06da9fc8a6530eb6e,5bdb75822562330001b8ae03,APPROVED,2019-11-13 15:01:20.373000,2019-11-13 15:23:25.476000,1325.103,38,509,7,98,2019-11-24 15:12:16.615000,HRWSB3Q2,Nigeria,United Kingdom,Full-Time,English,English,"not applicable, none",United Kingdom,Female,No,Multiple times every day
5dcc1ac2f9d4a08b7879b760,5a6725d4c0d836000107f6e7,APPROVED,2019-11-13 15:01:48.137000,2019-11-13 15:37:38.349000,2150.212,49,681,1,100,2019-11-24 15:12:17.658000,HRWSB3Q2,Ireland,United Kingdom,Full-Time,English,English,none,Ireland,Male,No,Multiple times every day
5dcc288c8c8d608cb8604357,5bf412a4e836680001bcaf14,APPROVED,2019-11-13 16:00:16.991000,2019-11-13 16:23:21.179000,1384.188,40,493,5,98,2019-11-24 15:12:18.537000,HRWSB3Q2,United Kingdom,United Kingdom,"Not in paid work (e.g. homemaker', 'retired or disabled)",English,"French, English, Hebrew, German",not applicable,United Kingdom,Female,No,Multiple times every day
5dcc60cd5e2a7790140764b8,5bec31d644d77f0001fa4ecb,RETURNED,2019-11-13 20:00:13.151000,,31517022.149738,22,487,2,100,,,CONSENT REVOKED,CONSENT REVOKED,CONSENT REVOKED,CONSENT REVOKED,CONSENT REVOKED,CONSENT REVOKED,CONSENT REVOKED,CONSENT REVOKED,CONSENT REVOKED,CONSENT REVOKED
5dcc60d1b98b129094b57e8b,5da3502604be3d0011caf90f,APPROVED,2019-11-13 20:00:17.281000,2019-11-13 20:48:38.126000,2900.845,27,122,1,100,2019-11-24 15:12:19.421000,HRWSB3Q2,Poland,United Kingdom,Part-Time,Polish,"Polish, English",none,Poland,Male,No,Multiple times every day
5dcc60d3e5dc418fc03cf1d2,5d4732fc4574f300013a7270,APPROVED,2019-11-13 20:00:19.059000,2019-11-13 20:54:49.965000,3270.906,33,198,0,100,2019-11-24 15:12:20.474000,HRWSB3Q2,Italy,Italy,Full-Time,Italian,"French, Italian, English",none,Italy,Male,No,Multiple times every day
5dcc60d9a29c248ef8f6435b,5cdc5bc31f7a97001b6e5c31,APPROVED,2019-11-13 20:00:25.773000,2019-11-13 20:22:03.940000,1298.167,25,273,3,100,2019-11-24 15:12:22.328000,HRWSB3Q2,United Kingdom,United Kingdom,Part-Time,English,English,none,United Kingdom,Female,No,Multiple times every day
5dcc60d98853318fb4c95ecc,590df20e12802600017e1006,APPROVED,2019-11-13 20:00:25.863000,2019-11-13 20:27:43.947000,1638.084,48,1236,5,100,2019-11-24 15:12:21.418000,HRWSB3Q2,United Kingdom,United Kingdom,"Not in paid work (e.g. homemaker', 'retired or disabled)",English,English,not applicable,United Kingdom,Female,No,Multiple times every day
5dcc60dd3f04558ff29fa6ed,5c82b8160562690001186ec7,RETURNED,2019-11-13 20:00:34.089000,,31517002.358588,21,331,5,98,,,CONSENT REVOKED,CONSENT REVOKED,CONSENT REVOKED,CONSENT REVOKED,CONSENT REVOKED,CONSENT REVOKED,CONSENT REVOKED,CONSENT REVOKED,CONSENT REVOKED,CONSENT REVOKED
5dcc60e3611e1a90e4c8c132,5c6c08c5d9c1580001ce9aab,APPROVED,2019-11-13 20:00:35.771000,2019-11-13 20:13:56.198000,800.427,40,535,0,100,2019-11-24 15:12:23.520000,HRWSB3Q2,United Kingdom,United Kingdom,"Not in paid work (e.g. homemaker', 'retired or disabled)",English,English,none,United Kingdom,Female,No,2-6 times a week
5dcc60e4f3795b8f969dafd7,5d8ce602687afd0018fcb376,APPROVED,2019-11-13 20:00:36.213000,2019-11-13 20:25:42.603000,1506.39,21,49,0,100,2019-11-24 15:12:24.398000,HRWSB3Q2,United States,United Kingdom,Unemployed (and job seeking),English,English,none,Jamaica,Male,Yes,Multiple times every day
5dcc617f96a9399005dc35af,5cdf314fbb4ac30019597728,APPROVED,2019-11-13 20:04:22.375000,2019-11-13 20:35:04.491000,1842.116,36,374,0,100,2019-11-24 15:12:25.282000,HRWSB3Q2,Germany,United Kingdom,"Not in paid work (e.g. homemaker', 'retired or disabled)",English,English,none,United Kingdom,Female,No,Every day
5dcd25b68e8b04000d342315,5c5208dee3209c000177e957,APPROVED,2019-11-14 10:00:28.797000,2019-11-14 10:26:53.361000,1584.564,59,522,1,100,2019-11-24 15:12:26.206000,HRWSB3Q2,United Kingdom,United Kingdom,Full-Time,English,English,none,United Kingdom,Male,No,Multiple times every day
5dcd25ba0ee193000e24a13e,5ae64fb8c3c3ab00018f7e89,APPROVED,2019-11-14 10:05:42.337000,2019-11-14 10:34:05.993000,1703.656,45,235,3,99,2019-11-24 15:12:27.101000,HRWSB3Q2,United Kingdom,United Kingdom,"Not in paid work (e.g. homemaker', 'retired or disabled)",English,English,none,United Kingdom,Male,Yes,Multiple times every day
5dcd25bbf17b66000a3c40fe,56ce42d9465e580006846f57,APPROVED,2019-11-14 10:03:15.014000,2019-11-14 10:18:03.626000,888.612,52,2062,19,99,2019-11-24 15:12:27.984000,HRWSB3Q2,United Kingdom,United Kingdom,Full-Time,English,English,none,United Kingdom,Male,No,Multiple times every day
5dcd25bc9ba973000d6a5935,5cb04fb1fdc8a300131bc6dd,APPROVED,2019-11-14 10:00:34.880000,2019-11-14 10:10:56.902000,622.022,31,134,5,96,2019-11-24 15:12:29.041000,HRWSB3Q2,United Kingdom,United Kingdom,Full-Time,English,English,none,United Kingdom,Male,Yes,Multiple times every day
5dcd25c154db95000a5aa8d4,5d53e2d15b17d500168df632,APPROVED,2019-11-14 10:00:37.817000,2019-11-14 10:27:31.134000,1613.317,52,328,1,100,2019-11-24 15:12:30.001000,HRWSB3Q2,United Kingdom,United Kingdom,Other,English,English,none,United Kingdom,Male,No,Multiple times every day
5dcd25c33dcc3a000c2d7e3d,5d04c56a0b54cc0001dad608,APPROVED,2019-11-14 10:00:41.799000,2019-11-14 10:12:32.720000,710.921,60,360,4,99,2019-11-24 15:12:31.054000,HRWSB3Q2,United Kingdom,United Kingdom,Part-Time,English,English,none,United Kingdom,Female,No,2-6 times a week
5dcd25c4d6d26a000de0012c,5970a273965d930001323b08,APPROVED,2019-11-14 10:04:10.313000,2019-11-14 10:29:59.428000,1549.115,58,778,15,97,2019-11-24 15:12:31.932000,HRWSB3Q2,United Kingdom,United Kingdom,Full-Time,English,English,not applicable,United Kingdom,Female,No,Multiple times every day
5dcd6b7995c57903e6d74897,5cd01e707e84a20017fddc02,APPROVED,2019-11-14 14:59:38.694000,2019-11-14 15:17:23.043000,1064.349,64,405,2,100,2019-11-24 15:12:32.786000,HRWSB3Q2,United Kingdom,United Kingdom,Part-Time,English,English,none,United Kingdom,Female,No,Every day
5dcd6b7a6e27340432a3e6ec,5b7ecfe47a63030001019c35,APPROVED,2019-11-14 14:58:02.494000,2019-11-14 15:11:16.527000,794.033,35,943,6,100,2019-11-24 15:12:33.658000,HRWSB3Q2,United Kingdom,United Kingdom,Full-Time,English,"English, French",not applicable,United Kingdom,Male,No,Multiple times every day
5dcd6b7bc5717103ef227a6b,5d4ad0ffef19060018a973b9,APPROVED,2019-11-14 14:58:06.045000,2019-11-14 15:05:19.453000,433.408,35,288,17,85,2019-11-24 15:12:34.695000,HRWSB3Q2,United Kingdom,United Kingdom,Other,English,English,none,United Kingdom,Female,No,Multiple times every day
5dcd6b7d36bb4a02d00c8a64,5cfe957e5995ce00010b837d,APPROVED,2019-11-14 14:58:07.535000,2019-11-14 15:09:21.487000,673.952,26,320,4,99,2019-11-24 15:12:35.577000,HRWSB3Q2,United Kingdom,United Kingdom,Part-Time,English,English,none,United Kingdom,Female,No,Multiple times every day
5dcd6b81b93ccd03cb79d88d,5d551c8c47bc73001950af8f,APPROVED,2019-11-14 14:58:15.552000,2019-11-14 15:12:31.650000,856.098,39,328,6,98,2019-11-24 15:12:36.445000,HRWSB3Q2,United Kingdom,United Kingdom,Full-Time,English,English,none,United Kingdom,Female,No,Every day
5dcd6b834d51e402e2053189,5c3c89e5e0ea82000145e99a,APPROVED,2019-11-14 14:58:13.874000,2019-11-14 15:31:43.035000,2009.161,37,526,2,100,2019-11-24 15:12:37.371000,HRWSB3Q2,United Kingdom,United Kingdom,Full-Time,English,English,none,United Kingdom,Male,No,Multiple times every day
5dcd6b8489c90b03ec04dfb0,5c1ac1c637dd01000114e36a,APPROVED,2019-11-14 14:58:12.236000,2019-11-14 15:17:32.652000,1160.416,21,516,1,100,2019-11-24 15:12:38.248000,HRWSB3Q2,United Kingdom,United Kingdom,Part-Time,English,English,none,United Kingdom,Female,Yes,Multiple times every day
5dcdb163c5717108330bfedb,5d6a49eba8567d001d3af564,APPROVED,2019-11-14 19:56:22.212000,2019-11-14 20:38:00.731000,2498.519,73,391,1,100,2019-11-24 15:12:39.084000,HRWSB3Q2,United Kingdom,United Kingdom,"Not in paid work (e.g. homemaker', 'retired or disabled)",English,English,none,United Kingdom,Female,No,2-6 times a week
5dcdb16575c6a007b15eb076,5daf02799d842a0015801e15,APPROVED,2019-11-14 19:56:23.972000,2019-11-14 20:23:34.951000,1630.979,32,92,0,100,2019-11-24 15:12:40.094000,HRWSB3Q2,United Kingdom,United Kingdom,"Not in paid work (e.g. homemaker', 'retired or disabled)",English,English,none,United Kingdom,Female,No,Every day
5dcdb16dae60fb0808406021,5c745ec64e199a001230c7f7,APPROVED,2019-11-14 20:01:02.231000,2019-11-14 20:27:19.948000,1577.717,41,421,1,100,2019-11-24 15:12:41.844000,HRWSB3Q2,United Kingdom,United Kingdom,Full-Time,English,English,none,United Kingdom,Male,No,Multiple times every day
5dcdb16d0fd1fb0788d15e38,5dad8ad869db130014bcab50,APPROVED,2019-11-14 19:56:40.628000,2019-11-14 20:26:53.455000,1812.827,35,135,1,99,2019-11-24 15:12:40.966000,HRWSB3Q2,United Kingdom,United Kingdom,Part-Time,English,English,none,United Kingdom,Male,Yes,Multiple times every day
5dcdb173965531086015dd56,5d545a781c860f00183a2208,APPROVED,2019-11-14 19:56:39.069000,2019-11-14 20:17:30.539000,1251.47,45,154,0,100,2019-11-24 15:12:42.785000,HRWSB3Q2,United Kingdom,United Kingdom,Part-Time,English,English,none,United Kingdom,Female,No,Every day
5dcdb176ee78f208073b0fe5,5d9bb559f65bb80015cc66e5,APPROVED,2019-11-14 19:56:38.466000,2019-11-14 20:17:16.828000,1238.362,40,74,3,98,2019-11-24 15:12:43.666000,HRWSB3Q2,United Kingdom,United Kingdom,Other,English,"English, French, Arabic",none,United Kingdom,Male,No,Multiple times every day
5dcdb176f0dbf207e8e272a3,5cdeaec4f45dda0001820e77,APPROVED,2019-11-14 19:56:55.224000,2019-11-14 20:14:46.226000,1071.002,47,363,3,100,2019-11-24 15:12:44.552000,HRWSB3Q2,United Kingdom,United Kingdom,Part-Time,English,English,none,United Kingdom,Female,No,Multiple times every day
