session_id,participant_id,status,started_datetime,completed_date_time,time_taken,age,num_approvals,num_rejections,prolific_score,reviewed_at_datetime,entered_code,Country of Birth,Current Country of Residence,Employment Status,First Language,Fluent languages,Language related disorders,Nationality,Sex,Student Status,Weekly device usage
5dc5835f2b1e543ec4d7dc50,5cd473323e03c6001518affe,APPROVED,2019-11-08 15:01:53.466000,2019-11-08 15:24:13.555000,1340.089,20,47,0,100,2019-11-26 19:51:43.257000,HRWSB3Q2,United States,United States,"Not in paid work (e.g. homemaker', 'retired or disabled)",English,"French, English",none,United States,Female,Yes,Multiple times every day
5dc58380f735303f50673ae8,5cc5aec9ef83da0001cffead,RETURNED,2019-11-08 15:02:28.041000,,31966926.713787,21,340,4,99,,,CONSENT REVOKED,CONSENT REVOKED,CONSENT REVOKED,CONSENT REVOKED,CONSENT REVOKED,CONSENT REVOKED,CONSENT REVOKED,CONSENT REVOKED,CONSENT REVOKED,CONSENT REVOKED
5dc583c4a67bd440036abe27,5daa6f580d55870011370fd3,APPROVED,2019-11-08 15:03:35.215000,2019-11-08 15:26:18.426000,1363.211,28,454,7,97,2019-11-26 19:51:44.188000,HRWSB3Q2,United States,United States,Unemployed (and job seeking),English,"English, Urdu",none,United States,Female,No,Every day
5dc58415470f623fefd6aab7,5d1ac27f339da6000112b0e1,APPROVED,2019-11-08 15:04:56.383000,2019-11-08 15:26:54.351000,1317.968,29,120,1,100,2019-11-26 19:51:45.059000,HRWSB3Q2,United States,United States,Unemployed (and job seeking),English,"Spanish, English",none,Nicaragua,Female,Yes,Every day
5dc584324fbc3e3fd658e9b0,5c734fc4f11dda0001ff60cf,APPROVED,2019-11-08 15:05:27.317000,2019-11-08 15:25:15.822000,1188.505,25,217,2,100,2019-11-26 19:51:45.903000,HRWSB3Q2,United States,United States,Part-Time,English,English,none,United States,Female,Yes,Multiple times every day
5dc5845e1d8f6b40e2fe4c8f,5d16b6890a274600163f6518,APPROVED,2019-11-08 15:06:09.855000,2019-11-08 15:23:16.271000,1026.416,30,488,2,100,2019-11-26 19:51:46.999000,HRWSB3Q2,United States,United States,Unemployed (and job seeking),English,English,none,United States,Female,Yes,Multiple times every day
5dc58461bdcd7d3f77694f3c,5d94c3b3f4c15d0017f4f24b,APPROVED,2019-11-08 15:06:10.950000,2019-11-08 15:26:34.648000,1223.698,,110,0,100,2019-11-26 19:51:47.876000,HRWSB3Q2,United States,United States,Full-Time,English,English,none,United States,Female,Yes,Multiple times every day
5dc5895f63492d40641c7863,5d88e9d13e9a6e0001084e80,APPROVED,2019-11-08 15:27:27.942000,2019-11-08 15:38:30.436000,662.494,32,897,4,100,2019-11-26 19:51:48.746000,HRWSB3Q2,United States,United States,Full-Time,English,English,none,United States,Male,No,Multiple times every day
5dc5c96f3a5e6c43a3a9e72c,5c84002036f2450001c86167,APPROVED,2019-11-08 20:00:47.144000,2019-11-08 20:10:03.971000,556.827,24,714,7,98,2019-11-26 19:51:49.596000,HRWSB3Q2,United States,United States,Part-Time,English,English,not applicable,United States,Female,Yes,Every day
5dc5c97332b0ad443d5ac98e,5daa85e5997769001203771d,APPROVED,2019-11-08 20:00:54.297000,2019-11-08 20:42:44.453000,2510.156,28,421,3,99,2019-11-26 19:51:50.458000,HRWSB3Q2,United States,United States,Full-Time,English,English,none,United States,Female,No,Multiple times every day
5dc5c97346c7ba442ed2e260,5d901c4ede126b001492630f,APPROVED,2019-11-08 20:00:53.274000,2019-11-08 20:22:27.138000,1293.864,29,244,2,100,2019-11-26 19:51:51.373000,HRWSB3Q2,United States,United States,Full-Time,English,English,none,United States,Female,Yes,Multiple times every day
5dc5c9792865554400daa921,5b147696d282ff00015c2c4e,APPROVED,2019-11-08 20:01:01.187000,2019-11-08 20:13:28.338000,747.151,27,1513,0,100,2019-11-26 19:51:52.381000,HRWSB3Q2,United States,United States,Full-Time,English,English,none,United States,Female,No,Every day
5dc5c982444b6e4406f5aee7,5c0da14d656168000159da7a,APPROVED,2019-11-08 20:01:06.345000,2019-11-08 20:39:58.385000,2332.04,50,1088,1,100,2019-11-26 19:51:53.426000,HRWSB3Q2,United States,United States,Full-Time,English,English,none,United States,Male,No,Multiple times every day
5dc5c98405be6f438d395b75,5c82a8cdfff8430015e9942f,APPROVED,2019-11-08 20:01:19.221000,2019-11-08 20:24:07.719000,1368.498,33,968,0,100,2019-11-26 19:51:54.305000,HRWSB3Q2,United States,United States,Full-Time,English,English,none,United States,Male,No,Multiple times every day
5dc5c984a958b4564ff9d582,5c6a5469a3b8830001beec7f,APPROVED,2019-11-08 20:01:12.135000,2019-11-08 20:24:45.311000,1413.176,46,762,4,99,2019-11-26 19:51:55.177000,HRWSB3Q2,United States,United States,Due to start a new job within the next month,English,English,none,United States,Female,No,2-6 times a week
5dc60f9b0a493f4829f22c2a,5a1c8a8e087f2e0001eafb35,RETURNED,2019-11-09 01:00:11.866000,,31931065.406127,36,579,0,100,,,CONSENT REVOKED,CONSENT REVOKED,CONSENT REVOKED,CONSENT REVOKED,CONSENT REVOKED,CONSENT REVOKED,CONSENT REVOKED,CONSENT REVOKED,CONSENT REVOKED,CONSENT REVOKED
5dc60fa490f108470aca672c,5c84014bd34170000141b8d6,APPROVED,2019-11-09 01:00:25.688000,2019-11-09 01:10:17.645000,591.957,34,987,5,100,2019-11-26 19:51:56.048000,HRWSB3Q2,Singapore,United States,Full-Time,English,English,none,United States,Male,No,Multiple times every day
5dc60fa776244046ece1b226,5bd53e291c0e3400016fe8c6,APPROVED,2019-11-09 01:03:59.614000,2019-11-09 01:26:58.653000,1379.039,20,376,8,94,2019-11-26 19:51:56.920000,HRWSB3Q2,United States,United States,Part-Time,English,English,none,United States,Female,Yes,2-6 times a week
5dc60faa19ca03471ea9d637,559b1e92fdf99b426abb6227,TIMED-OUT,2019-11-09 01:00:36.404000,,31931041.549594,40,1644,2,100,,,United States,United States,Full-Time,English,English,none,United States,Male,No,Multiple times every day
5dc60faa57533d4745e1efd5,5a6f1ccade1f390001dbd8b7,APPROVED,2019-11-09 01:00:31.455000,2019-11-09 01:29:03.786000,1712.331,37,1685,3,100,2019-11-26 19:51:57.917000,HRWSB3Q2,United States,United States,Full-Time,English,English,none,United States,Male,No,Multiple times every day
5dc60faa6a8a334796ce4243,5d14445a4e1adb0001bff411,APPROVED,2019-11-09 01:00:33.785000,2019-11-09 01:24:44.197000,1450.412,29,797,2,100,2019-11-26 19:51:58.818000,HRWSB3Q2,United States,United States,Full-Time,English,English,none,United States,Male,No,Multiple times every day
5dc60fabf9d4a047e188a635,5d76bc8e529c4b00197aa4f2,APPROVED,2019-11-09 01:00:27.689000,2019-11-09 01:12:20.731000,713.042,22,733,1,100,2019-11-26 19:51:59.700000,HRWSB3Q2,Taiwan,United States,Other,English,English,none,United States,Female,No,Multiple times every day
5dc614160d41f847674ed88c,5dbefb269653e83afe17b10b,APPROVED,2019-11-09 01:19:24.735000,2019-11-09 01:38:30.910000,1146.175,27,290,0,100,2019-11-26 19:52:00.580000,HRWSB3Q2,United States,United States,Full-Time,English,English,none,United States,Female,No,Multiple times every day
5dc61dae84b21f48d1a1f8d5,5d48fcc5643eb80001fb43fa,APPROVED,2019-11-09 02:00:14.355000,2019-11-09 02:33:58.636000,2024.281,27,781,2,100,2019-11-26 19:52:01.461000,HRWSB3Q2,United States,United States,Full-Time,English,English,none,United States,Male,No,Multiple times every day
5dc6c579301fd14ce5b8aaeb,5d08f7e3c97bc4001a7ea90b,APPROVED,2019-11-09 13:56:11.316000,2019-11-09 14:16:48.154000,1236.838,21,142,0,100,2019-11-26 19:52:02.318000,HRWSB3Q2,United States,United States,Unemployed (and job seeking),English,English,none,United States,Female,Yes,Multiple times every day
5dc6c57c470f624d1aac691f,5d964976b8040b001761467c,APPROVED,2019-11-09 13:56:12.101000,2019-11-09 14:22:32.809000,1580.708,35,763,2,100,2019-11-26 19:52:03.520000,HRWSB3Q2,United States,United States,Part-Time,English,English,none,United States,Female,No,Multiple times every day
5dc6c57c470f624dc294364b,5cf8318919f4a3001a24221e,APPROVED,2019-11-09 13:56:40.772000,2019-11-09 14:20:18.534000,1417.762,30,807,1,100,2019-11-26 19:52:04.439000,HRWSB3Q2,United States,United States,Part-Time,English,English,none,United States,Female,Yes,Multiple times every day
5dc6c5805d81cd4dfa2da555,5d2b883d35acf0001839021e,RETURNED,2019-11-09 14:06:16.754000,,31883902.625863,28,430,0,100,,,CONSENT REVOKED,CONSENT REVOKED,CONSENT REVOKED,CONSENT REVOKED,CONSENT REVOKED,CONSENT REVOKED,CONSENT REVOKED,CONSENT REVOKED,CONSENT REVOKED,CONSENT REVOKED
5dc6c58d70d51c4cd4729574,5ceee05cba80f00017f0a91e,RETURNED,2019-11-09 13:56:29.672000,,31884489.707953,32,675,3,100,,,CONSENT REVOKED,CONSENT REVOKED,CONSENT REVOKED,CONSENT REVOKED,CONSENT REVOKED,CONSENT REVOKED,CONSENT REVOKED,CONSENT REVOKED,CONSENT REVOKED,CONSENT REVOKED
5dc6c58f45b8f94e1d2f0075,5db603b20ad96c000e3847db,APPROVED,2019-11-09 13:56:31.343000,2019-11-09 14:20:49.095000,1457.752,46,627,0,100,2019-11-26 19:52:05.261000,HRWSB3Q2,United States,United States,Full-Time,English,"English, Spanish",none,United States,Male,No,Multiple times every day
5dc6c59384799a4de89e3e49,5d939684f453df0018340676,RETURNED,2019-11-09 13:56:35.435000,,31884484.396945,34,488,3,100,,,CONSENT REVOKED,CONSENT REVOKED,CONSENT REVOKED,CONSENT REVOKED,CONSENT REVOKED,CONSENT REVOKED,CONSENT REVOKED,CONSENT REVOKED,CONSENT REVOKED,CONSENT REVOKED
5dc6c5973f04554d429aece4,579e1e2b275be6000135af15,APPROVED,2019-11-09 13:56:39.042000,2019-11-09 14:16:15.683000,1176.641,44,747,1,100,2019-11-26 19:52:06.159000,HRWSB3Q2,United States,United States,"Not in paid work (e.g. homemaker', 'retired or disabled)",English,English,none,United States,Male,No,Every day
5dc6c8116eab9a4de0f4b927,5da48724d469800016ce3200,APPROVED,2019-11-09 14:07:18.907000,2019-11-09 14:38:55.907000,1897.0,26,117,2,99,2019-11-26 19:52:07.052000,HRWSB3Q2,United States,United States,Full-Time,English,"English, German","none, not applicable",United States,Male,No,Once a week
5dc6c81a8499c54db59a27d5,5d5162f1b50a1000169da137,APPROVED,2019-11-09 14:07:31.990000,2019-11-09 14:31:57.383000,1465.393,53,661,1,100,2019-11-26 19:52:07.925000,HRWSB3Q2,United States,United States,Part-Time,English,English,none,United States,Female,No,Multiple times every day
5dc6d49c62ec504ec13f3bdf,5d1e91f879b6870001f80227,RETURNED,2019-11-09 15:00:44.175000,,31880636.195182,37,449,4,99,,,CONSENT REVOKED,CONSENT REVOKED,CONSENT REVOKED,CONSENT REVOKED,CONSENT REVOKED,CONSENT REVOKED,CONSENT REVOKED,CONSENT REVOKED,CONSENT REVOKED,CONSENT REVOKED
5dc6d4ab6a8a334e7f605364,5d9cf6e126d0740014634272,APPROVED,2019-11-09 15:00:59.867000,2019-11-09 15:15:04.921000,845.054,36,84,0,100,2019-11-26 19:52:08.932000,HRWSB3Q2,United States,United States,Unemployed (and job seeking),English,English,none,United States,Female,Yes,Multiple times every day
5dc6d4b118ddbf4dd6c46517,5b934df3754b700001f02469,APPROVED,2019-11-09 15:01:09.655000,2019-11-09 15:11:49.790000,640.135,42,1188,8,99,2019-11-26 19:52:09.815000,HRWSB3Q2,United States,United States,Full-Time,English,English,none,United States,Female,No,Multiple times every day
5dc6d4b2444b6e4e4f6ce579,5d82994758861000188f76dc,APPROVED,2019-11-09 15:01:06.911000,2019-11-09 15:21:20.615000,1213.704,61,544,4,99,2019-11-26 19:52:10.698000,HRWSB3Q2,United States,United States,"Not in paid work (e.g. homemaker', 'retired or disabled)",English,English,none,United States,Female,No,Multiple times every day
5dc6d4bf3e78ea4dd4619fd8,5abfe64d436f550001ffad93,APPROVED,2019-11-09 15:01:23.301000,2019-11-09 15:19:27.669000,1084.368,22,736,4,100,2019-11-26 19:52:11.572000,HRWSB3Q2,United States,United States,Part-Time,English,English,none,United States,Female,Yes,Multiple times every day
5dc6d4c063492d4dd2b763d2,5d3c4728aca82300197c96db,APPROVED,2019-11-09 15:01:20.230000,2019-11-09 15:28:53.524000,1653.294,53,407,2,100,2019-11-26 19:52:12.462000,HRWSB3Q2,United States,United States,Unemployed (and job seeking),English,English,none,United States,Male,No,Every day
5dc6d4c18febed4dd2a15dcf,5d21dd64851927001e3a5032,APPROVED,2019-11-09 15:02:07.244000,2019-11-09 15:48:24.814000,2777.57,28,383,7,95,2019-11-26 19:52:13.380000,HRWSB3Q2,United States,United States,Unemployed (and job seeking),English,English,none,United States,Female,No,Once a week
5dc6d65c4faf954dce9a2118,5ad93fa080491c000142d619,APPROVED,2019-11-09 15:08:19.223000,2019-11-09 15:24:00.851000,941.628,28,887,0,100,2019-11-26 19:52:14.399000,HRWSB3Q2,United States,United States,Full-Time,English,"Italian, Spanish, Russian, English",none,United States,Female,Yes,Every day
5dc71add18ddbf514011e12d,5d1653de3935ca001b87ff71,APPROVED,2019-11-09 20:00:29.735000,2019-11-09 20:23:10.788000,1361.053,26,690,1,100,2019-11-26 19:52:15.239000,HRWSB3Q2,United States,United States,Part-Time,English,"English, Spanish",none,United States,Female,No,Every day
5dc71af14fbd0850ba4a70c1,5d4a6459061e2a000138bad3,APPROVED,2019-11-09 20:00:49.565000,2019-11-09 20:16:02.320000,912.755,44,697,1,100,2019-11-26 19:52:16.108000,HRWSB3Q2,United States,United States,Other,English,English,none,United States,Male,No,Multiple times every day
5dc71af3e4f0ff51355938a0,5d71d3a98b2381001970dfb7,APPROVED,2019-11-09 20:00:54.497000,2019-11-09 20:12:11.309000,676.812,24,128,6,88,2019-11-26 19:52:17.070000,HRWSB3Q2,Vietnam,United States,Part-Time,Vietnamese,English,none,Vietnam,Male,No,Every day
5dc71b00fbf47451291bad08,5b7c5d20db11320001c4359c,APPROVED,2019-11-09 20:01:08.499000,2019-11-09 20:16:34.393000,925.894,26,48,1,99,2019-11-26 19:52:17.933000,HRWSB3Q2,United States,United States,Other,English,English,none,United States,Male,Yes,Every day
5dc71b023f0455515ecc1429,57a32f3816a091000112eb6c,RETURNED,2019-11-09 20:01:06.701000,,31862615.818932,37,820,5,100,,,CONSENT REVOKED,CONSENT REVOKED,CONSENT REVOKED,CONSENT REVOKED,CONSENT REVOKED,CONSENT REVOKED,CONSENT REVOKED,CONSENT REVOKED,CONSENT REVOKED,CONSENT REVOKED
5dc71b02dbf820507c1c8827,5a68c01031b87a0001c752c3,APPROVED,2019-11-09 20:01:13.175000,2019-11-09 20:34:27.231000,1994.056,35,1285,8,99,2019-11-26 19:52:18.785000,HRWSB3Q2,United States,United States,Full-Time,English,English,none,United States,Female,Yes,Multiple times every day
5dc71b0a8499c55128fdfdb0,5cf9692566ad600001bb741d,APPROVED,2019-11-09 20:01:14.954000,2019-11-09 20:18:23.430000,1028.476,28,187,0,100,2019-11-26 19:52:19.828000,HRWSB3Q2,Brunei Darussalam,United States,Full-Time,English,"Malay, English, Korean",none,Brunei Darussalam,Female,No,Multiple times every day
5dc7271e0a0b38520c1a2b4f,5d72f38bb6fe54000177056d,APPROVED,2019-11-09 20:52:47.617000,2019-11-09 21:05:35.362000,767.745,32,458,4,99,2019-11-26 19:52:20.761000,HRWSB3Q2,United States,United States,Full-Time,English,English,none,United States,Male,No,Multiple times every day
5dc761486c809d53b4d2389a,56e7527138f932000a86bc4a,APPROVED,2019-11-10 01:00:56.674000,2019-11-10 01:11:06.132000,609.458,55,98,0,100,2019-11-26 19:52:21.584000,HRWSB3Q2,United States,United States,Full-Time,English,"English, Spanish",none,United States,Male,No,Multiple times every day
5dc7614ec19a5c543b29b3f3,5d965e897fc0400012122f01,APPROVED,2019-11-10 01:01:03.939000,2019-11-10 01:11:49.730000,645.791,19,333,3,99,2019-11-26 19:52:22.465000,HRWSB3Q2,United Arab Emirates,United States,Part-Time,English,"Arabic, English, Hindi",none,United States,Female,Yes,Every day
5dc7615a45b8f954b1a0a410,5da42ea540d1c50015ded274,APPROVED,2019-11-10 01:01:14.970000,2019-11-10 01:37:28.314000,2173.344,43,323,2,99,2019-11-26 19:52:23.409000,HRWSB3Q2,United States,United States,"Not in paid work (e.g. homemaker', 'retired or disabled)",English,English,other language related disorder,United States,Female,No,Multiple times every day
5dc76162a8901b547ed113ab,5dab3c87b56fb70014271f12,APPROVED,2019-11-10 01:01:23.806000,2019-11-10 01:18:16.521000,1012.715,23,391,3,100,2019-11-26 19:52:25.349000,HRWSB3Q2,United States,United States,Full-Time,English,"English, Spanish",none,United States,Male,Yes,Multiple times every day
5dc761625aed1d54ab65e768,5d66a00377ec210001b366a5,APPROVED,2019-11-10 01:10:05.680000,2019-11-10 01:44:43.222000,2077.542,27,186,0,100,2019-11-26 19:52:24.284000,HRWSB3Q2,United States,United States,Part-Time,English,English,none,United States,Female,Yes,Every day
5dc761640133ef554026c08e,5b56abd5303c330001664b51,APPROVED,2019-11-10 01:01:26.821000,2019-11-10 01:14:09.105000,762.284,35,896,13,96,2019-11-26 19:52:26.241000,HRWSB3Q2,United States,United States,Part-Time,English,English,none,United States,Female,No,Multiple times every day
5dc7616663492d5417c483f7,5d0eecdd348afe00015865aa,APPROVED,2019-11-10 01:01:26.754000,2019-11-10 01:24:51.161000,1404.407,47,615,1,100,2019-11-26 19:52:27.160000,HRWSB3Q2,United States,United States,Part-Time,English,English,none,United States,Female,No,Every day
5dc8260232b0ad59dc78d489,5daa3a905c6987001535a411,APPROVED,2019-11-10 15:00:40.727000,2019-11-10 15:44:43.946000,2643.219,30,202,0,100,2019-11-26 19:52:28.032000,HRWSB3Q2,United States,United States,Part-Time,English,English,none,United States,Female,Yes,Multiple times every day
5dc826095e2a775ac9e4eb2b,5d9602ae74d2490018563379,APPROVED,2019-11-10 15:00:31.804000,2019-11-10 15:23:52.081000,1400.277,30,114,4,95,2019-11-26 19:52:28.921000,HRWSB3Q2,United States,United States,Full-Time,English,English,none,United States,Male,No,Multiple times every day
5dc8260d78cda05a4ee7886c,5d44eb7a6f084f00011bd1b3,APPROVED,2019-11-10 15:00:32.810000,2019-11-10 15:26:58.003000,1585.193,29,226,0,100,2019-11-26 19:52:29.835000,HRWSB3Q2,United States,United States,Full-Time,English,English,none,United States,Male,No,2-6 times a week
5dc82612b4c0ec5a8c2db4d4,5d99139757ff31001946659b,APPROVED,2019-11-10 15:00:41.531000,2019-11-10 15:13:19.273000,757.742,24,782,3,100,2019-11-26 19:52:30.836000,HRWSB3Q2,United States,United States,Full-Time,English,"English, French",none,United States,Female,Yes,Every day
5dc826285aed1d5ac7b2a1f4,5d7aa4c716c9af0019b423c6,APPROVED,2019-11-10 15:00:56.668000,2019-11-10 15:22:51.176000,1314.508,28,771,1,100,2019-11-26 19:52:31.649000,HRWSB3Q2,United States,United States,Full-Time,Hindi,"English, Hindi",not applicable,United States,Male,No,Multiple times every day
5dc826336eab9a5b4281b50b,5d9d0042655ab900176ff963,APPROVED,2019-11-10 15:01:12.622000,2019-11-10 15:27:09.960000,1557.338,36,360,0,100,2019-11-26 19:52:32.522000,HRWSB3Q2,United States,United States,Full-Time,English,English,none,United States,Female,No,Multiple times every day
5dc8263d5aed1d5b2730251e,5c3947291084f30001a00781,APPROVED,2019-11-10 15:01:25.706000,2019-11-10 15:39:52.579000,2306.873,69,816,14,95,2019-11-26 19:52:33.360000,HRWSB3Q2,United States,United States,Part-Time,English,English,"not applicable, none",United States,Female,No,Every day
5dc8734a03f8565eb3f1572a,5da34f2837c5e20015a1254c,APPROVED,2019-11-10 20:30:05.655000,2019-11-10 20:55:14.613000,1508.958,22,277,1,100,2019-11-26 19:52:34.244000,HRWSB3Q2,United States,United States,Full-Time,English,English,none,United States,Female,No,Every day
5dc8734e61384b70ff0dd172,5cb3401c466ba1000125ed49,APPROVED,2019-11-10 20:30:06.961000,2019-11-10 20:53:26.947000,1399.986,34,983,0,100,2019-11-26 19:52:35.108000,HRWSB3Q2,United States,United States,Full-Time,English,English,none,United States,Male,No,Multiple times every day
5dc8734fce6a9d5e94ca22b4,5b7ddf0cad1b9500010ebfc5,APPROVED,2019-11-10 20:30:10.738000,2019-11-10 20:51:25.457000,1274.719,22,579,1,100,2019-11-26 19:52:36.112000,HRWSB3Q2,United States,United States,Other,English,English,none,United States,Female,Yes,Multiple times every day
5dc87362441a215d791bb08e,5dc1b8015d81cd12592f0dcd,APPROVED,2019-11-10 20:30:29.092000,2019-11-10 20:47:09.301000,1000.209,23,419,1,100,2019-11-26 19:52:36.994000,HRWSB3Q2,United States,United States,Other,English,English,none,United States,Male,Yes,Every day
5dc87364b1dabb5e33c71c02,5dabd0e647abe200145e0b3e,APPROVED,2019-11-10 20:30:33.868000,2019-11-10 20:45:09.260000,875.392,24,36,0,100,2019-11-26 19:52:37.868000,HRWSB3Q2,United States,United States,Part-Time,English,"Spanish, English",none,United States,Male,Yes,Multiple times every day
5dc87366e95f945dea644802,5bfaed16e2562a0001ce0ff4,APPROVED,2019-11-10 20:35:37.370000,2019-11-10 21:01:28.617000,1551.247,42,591,15,95,2019-11-26 19:52:39.680000,HRWSB3Q2,United States,United States,Full-Time,English,English,none,United States,Male,No,Multiple times every day
5dc8736676eab25e947795c2,5a84f454ae9a0b0001a9e4e5,APPROVED,2019-11-10 20:31:19.984000,2019-11-10 21:01:03.085000,1783.101,44,1725,2,100,2019-11-26 19:52:38.738000,HRWSB3Q2,United States,United States,Full-Time,English,English,none,United States,Male,No,Multiple times every day
5dc8b21ff3795b615a04282c,5d9d2e7b60ff260017554fb5,APPROVED,2019-11-11 00:58:07.841000,2019-11-11 01:12:18.454000,850.613,26,725,0,100,2019-11-26 19:52:40.574000,HRWSB3Q2,United States,United States,Other,Chinese,English,none,United States,Female,No,Multiple times every day
5dc8b22084799a61abb26ae4,5da1e0e868c6aa00170ffef5,APPROVED,2019-11-11 00:58:19.172000,2019-11-11 01:15:50.663000,1051.491,25,382,1,100,2019-11-26 19:52:41.448000,HRWSB3Q2,United States,United States,Full-Time,English,English,none,United States,Male,No,Multiple times every day
5dc8b22bf9d4a0605598dadb,5c049e9bad9a9700011b877b,APPROVED,2019-11-11 00:58:21.725000,2019-11-11 01:24:24.129000,1562.404,25,865,8,99,2019-11-26 19:52:42.510000,HRWSB3Q2,United States,United States,Full-Time,English,"Spanish, English",none,United States,Female,No,Multiple times every day
5dc8b22e57533d61b922395b,5dbddf65a6c9c22fb632dbb2,REJECTED,2019-11-11 00:58:24.010000,2019-11-11 01:06:39.608000,495.598,20,95,4,94,2019-11-26 19:42:50.224000,HRWSB3Q2,United States,United States,Part-Time,English,English,none,United States,Male,Yes,Multiple times every day
5dc8b230e5e186610bc16d46,5cec5f7afdd26c00193ba64b,RETURNED,2019-11-11 00:58:24.576000,,31758384.283383,27,398,0,100,,,CONSENT REVOKED,CONSENT REVOKED,CONSENT REVOKED,CONSENT REVOKED,CONSENT REVOKED,CONSENT REVOKED,CONSENT REVOKED,CONSENT REVOKED,CONSENT REVOKED,CONSENT REVOKED
5dc8b2322bdeaa617cb0d625,5c28113978fad50001932f58,APPROVED,2019-11-11 00:58:26.342000,2019-11-11 01:20:00.675000,1294.333,31,1221,1,100,2019-11-26 19:52:43.498000,HRWSB3Q2,United States,United States,Full-Time,English,English,none,United States,Male,No,Multiple times every day
5dc8b234f7bfb1612cae53fe,5d3515c39ce6590017010766,APPROVED,2019-11-11 00:58:30.204000,2019-11-11 01:17:26.389000,1136.185,39,1245,5,100,2019-11-26 19:52:44.547000,HRWSB3Q2,United States,United States,Full-Time,English,English,none,United States,Female,Yes,Multiple times every day
5dc8b4d382703160ddd2c338,5cf2b5fb392ca3001a117d96,APPROVED,2019-11-11 01:10:01.055000,2019-11-11 01:41:05.903000,1864.848,35,461,0,100,2019-11-26 19:52:45.412000,HRWSB3Q2,United States,United States,Other,English,English,none,United States,Female,Yes,Multiple times every day
5dc978375b73eb69352db1d7,5db89aec321070000e2d4fa5,APPROVED,2019-11-11 15:03:23.799000,2019-11-11 15:27:37.189000,1453.39,23,32,0,100,2019-11-26 19:52:46.299000,HRWSB3Q2,United States,United States,Part-Time,English,English,none,United States,Female,Yes,Multiple times every day
5dc9783ce5dc416993cf5c96,5d94d884bcef7d001a3fc8ab,APPROVED,2019-11-11 15:03:27.533000,2019-11-11 15:17:11.396000,823.863,23,458,0,100,2019-11-26 19:52:47.242000,HRWSB3Q2,United States,United States,Unemployed (and job seeking),English,English,none,United States,Male,No,Multiple times every day
5dc9783d6c76b369706ee278,5bef695d6e213a000137c6ea,APPROVED,2019-11-11 15:03:35.992000,2019-11-11 15:20:41.389000,1025.397,37,1152,0,100,2019-11-26 19:52:48.386000,HRWSB3Q2,United States,United States,Full-Time,English,English,none,United States,Female,No,Multiple times every day
5dc9783ed362416882859461,5dacbbf3eef09f0017393262,APPROVED,2019-11-11 15:03:30.836000,2019-11-11 15:30:28.407000,1617.571,37,11,0,100,2019-11-26 19:52:49.618000,HRWSB3Q2,United States,United States,Part-Time,English,English,none,United States,Female,Yes,Multiple times every day
5dc9784184116a68c335074e,5d151474f0bf27001932405c,RETURNED,2019-11-11 15:03:28.992000,,31707681.330336,20,137,0,100,,,CONSENT REVOKED,CONSENT REVOKED,CONSENT REVOKED,CONSENT REVOKED,CONSENT REVOKED,CONSENT REVOKED,CONSENT REVOKED,CONSENT REVOKED,CONSENT REVOKED,CONSENT REVOKED
5dc97849be3c0f69186a94e5,5ce5e6c19c40b2001b3a031f,APPROVED,2019-11-11 15:03:39.550000,2019-11-11 15:20:47.613000,1028.063,56,740,1,100,2019-11-26 19:52:50.527000,HRWSB3Q2,United States,United States,Full-Time,English,English,none,United States,Male,No,2-6 times a week
5dc97849bfb31a68b34872fa,58bcbadacedda800015fa498,APPROVED,2019-11-11 15:03:37.461000,2019-11-11 15:21:50.984000,1093.523,22,377,0,100,2019-11-26 19:52:51.400000,HRWSB3Q2,United States,United States,Full-Time,English,English,none,United States,Male,Yes,Every day
5dc9784cb542b5000d491d24,5db6ff8c7f9e6b000dd24a19,APPROVED,2019-11-11 15:03:44.533000,2019-11-11 15:36:41.069000,1976.536,35,722,27,93,2019-11-26 19:52:52.270000,HRWSB3Q2,United States,United States,Full-Time,English,English,none,United States,Male,No,Multiple times every day
5dc9bd5290f1086d48059337,5db378bbf87bf7000d2a74be,APPROVED,2019-11-11 19:58:13.194000,2019-11-11 20:12:53.962000,880.768,24,25,0,100,2019-11-26 19:52:53.134000,HRWSB3Q2,United States,,Unemployed (and job seeking),English,English,none,United States,Female,No,Multiple times every day
5dc9bd5ee50faf6dd6fe63c0,5d0009302d2abc0015392e33,APPROVED,2019-11-11 19:58:52.742000,2019-11-11 20:48:29.844000,2977.102,42,651,0,100,2019-11-26 19:52:54.161000,HRWSB3Q2,United States,United States,Full-Time,English,English,none,United States,Female,No,Multiple times every day
5dc9bd628549366e8bf619e0,5d793289c8fe960001c585ec,APPROVED,2019-11-11 19:58:29.223000,2019-11-11 20:12:30.816000,841.593,30,63,1,100,2019-11-26 19:52:55.063000,HRWSB3Q2,United States,United States,Full-Time,English,English,none,United States,Female,Yes,Multiple times every day
5dc9bd645d81cd6ddce24f92,5d506daf5d3cc40001055079,REJECTED,2019-11-11 19:58:43.518000,2019-11-11 20:07:19.272000,515.754,31,264,2,100,2019-11-26 19:43:03.264000,HRWSB3Q2,United States,United States,Full-Time,English,English,none,United States,Male,No,Every day
5dc9bd64e0b7836de3eb656d,5bf308873a46830001a64a09,APPROVED,2019-11-11 19:58:31.428000,2019-11-11 20:22:19.330000,1427.902,37,315,0,100,2019-11-26 19:52:55.938000,HRWSB3Q2,United States,United States,"Not in paid work (e.g. homemaker', 'retired or disabled)",English,English,none,United States,Female,No,Multiple times every day
5dc9bd66a67bd46da067208a,5c675fad8f100a000107e249,APPROVED,2019-11-11 20:00:54.199000,2019-11-11 20:14:39.099000,824.9,19,1041,17,96,2019-11-26 19:52:56.828000,HRWSB3Q2,United States,United States,Part-Time,English,English,none,United States,Male,Yes,Once a week
5dc9bd694b54776d822526a1,5d1e2045a37a4d001a1fc2cb,APPROVED,2019-11-11 19:58:42.645000,2019-11-11 20:25:49.397000,1626.752,21,809,1,100,2019-11-26 19:52:57.717000,HRWSB3Q2,United States,United States,Unemployed (and job seeking),English,English,none,United States,Male,Yes,Every day
5dca0406e41a9f71b84c5be3,5cd063ce657e300016f6c95a,APPROVED,2019-11-12 00:59:50.626000,2019-11-12 01:30:58.604000,1867.978,29,814,1,100,2019-11-26 19:52:58.526000,HRWSB3Q2,United States,United States,Unemployed (and job seeking),English,English,none,United States,Male,No,Multiple times every day
5dca040d575da17015c2e4ee,5cd2216e8ce8420017faae1f,APPROVED,2019-11-12 00:59:59.431000,2019-11-12 01:32:23.833000,1944.402,31,266,1,100,2019-11-26 19:52:59.532000,HRWSB3Q2,United States,United States,Full-Time,English,English,none,United States,Male,No,Multiple times every day
5dca0413444b6e7199c2d681,5be879272b86b00001b9d0e2,RETURNED,2019-11-12 01:10:03.821000,,31671288.793629,48,543,0,100,,,CONSENT REVOKED,CONSENT REVOKED,CONSENT REVOKED,CONSENT REVOKED,CONSENT REVOKED,CONSENT REVOKED,CONSENT REVOKED,CONSENT REVOKED,CONSENT REVOKED,CONSENT REVOKED
5dca041a29bf8972acc5fbf8,5a5c23afe0cf3d0001268781,APPROVED,2019-11-12 01:00:17.955000,2019-11-12 01:44:43.092000,2665.137,23,903,1,100,2019-11-26 19:53:00.440000,HRWSB3Q2,United States,United States,Due to start a new job within the next month,English,English,none,United States,Female,No,Multiple times every day
5dca041d6ff9eb71eda4f400,5d5ac5792441f9001bce8c36,APPROVED,2019-11-12 01:00:13.340000,2019-11-12 01:07:43.247000,449.907,22,143,0,100,2019-11-26 19:53:01.387000,HRWSB3Q2,United States,United States,Part-Time,English,English,none,United States,Female,Yes,Multiple times every day
5dca04249db53c71714e9114,5d4b6bfb0cf3e60001d88c23,APPROVED,2019-11-12 01:00:20.306000,2019-11-12 01:11:54.674000,694.368,19,653,1,100,2019-11-26 19:53:02.270000,HRWSB3Q2,United States,United States,Other,English,"English, Tagalog-Filipino, Japanese",none,United States,Female,Yes,Multiple times every day
5dca0425655ad27159ecfd3c,5dbacecee2fafc0e38007428,APPROVED,2019-11-12 01:00:26.155000,2019-11-12 01:26:19.443000,1553.288,23,577,0,100,2019-11-26 19:53:03.173000,HRWSB3Q2,United States,United States,DATA EXPIRED,English,English,none,United States,Female,No,Multiple times every day
5dca043f28e0d582ffab7152,5d4254db5b2c430001418a3c,APPROVED,2019-11-12 01:06:17.982000,2019-11-12 01:21:28.900000,910.918,37,855,0,100,2019-11-26 19:53:04.058000,HRWSB3Q2,United States,United States,"Not in paid work (e.g. homemaker', 'retired or disabled)",English,English,none,United States,Female,No,Multiple times every day
5dcac82ea4cc4278a00119de,5d8d1d5eacc6cc00144a27d7,APPROVED,2019-11-12 14:56:48.519000,2019-11-12 15:29:03.290000,1934.771,41,875,10,98,2019-11-26 19:53:05.099000,HRWSB3Q2,United States,United States,Full-Time,English,English,none,United States,Male,No,Every day
5dcac83541ba7279a669ba83,5d67d25bde7670001506c061,APPROVED,2019-11-12 14:56:57.523000,2019-11-12 15:11:01.736000,844.213,24,290,0,100,2019-11-26 19:53:06.024000,HRWSB3Q2,United States,United States,Full-Time,English,"Spanish, English",none,United States,Male,Yes,Multiple times every day
5dcac8373e78ea79b06e6ef2,5d966787ada43200167276ec,APPROVED,2019-11-12 15:00:45.417000,2019-11-12 15:53:11.375000,3145.958,34,213,0,100,2019-11-26 19:53:07.066000,HRWSB3Q2,United States,United States,Part-Time,English,"English, Spanish",none,United States,Female,No,Every day
5dcac83ea958b48c8b0395f9,5d8e64ab4e055600157a3d90,APPROVED,2019-11-12 14:57:11.249000,2019-11-12 15:50:49.759000,3218.51,29,730,0,100,2019-11-26 19:53:08.142000,HRWSB3Q2,United States,United States,Full-Time,English,English,none,United States,Female,No,Multiple times every day
5dcac84027d05279796701a0,5d757faafea8150001e470e9,RETURNED,2019-11-12 14:57:11.137000,,31621663.011821,22,546,1,100,,,CONSENT REVOKED,CONSENT REVOKED,CONSENT REVOKED,CONSENT REVOKED,CONSENT REVOKED,CONSENT REVOKED,CONSENT REVOKED,CONSENT REVOKED,CONSENT REVOKED,CONSENT REVOKED
5dcac844d362417909d39606,5d8fea392052b0001a787e59,APPROVED,2019-11-12 14:57:13.385000,2019-11-12 15:27:11.844000,1798.459,31,63,0,100,2019-11-26 19:53:09.126000,HRWSB3Q2,Taiwan,United States,Full-Time,Chinese,"Chinese, English",none,Taiwan,Female,No,Every day
5dcac8471d8f6b7ab7d11bd4,567dd32b4f0ef30006dbb718,APPROVED,2019-11-12 14:57:36.912000,2019-11-12 15:15:53.120000,1096.208,54,2324,2,100,2019-11-26 19:53:10.224000,HRWSB3Q2,United States,United States,Full-Time,English,English,none,United States,Female,No,Multiple times every day
5dcac9c3a4b6ac7a78435230,5d5dcbce56779f001a62245e,APPROVED,2019-11-12 15:03:31.053000,2019-11-12 15:26:23.676000,1372.623,38,574,0,100,2019-11-26 19:53:11.311000,HRWSB3Q2,United States,United States,Full-Time,English,English,none,United States,Male,No,Multiple times every day
5dcb0fb42b1e547e8c8d2c39,5c745153d11c1200017c9f87,APPROVED,2019-11-12 20:02:02.877000,2019-11-12 20:17:08.098000,905.221,26,213,0,100,2019-11-26 19:53:12.214000,HRWSB3Q2,United States,United States,Part-Time,English,English,none,United States,Male,Yes,2-6 times a week
5dcb0fba41ba727dc7f40f99,5cfe7510d987a800178eab1a,APPROVED,2019-11-12 20:02:09.990000,2019-11-12 20:21:48.010000,1178.02,33,928,1,100,2019-11-26 19:53:13.100000,HRWSB3Q2,United States,United States,Full-Time,English,English,none,United States,Male,No,2-6 times a week
5dcb0fbc0feb417f4db387aa,5b6482e9f5bc0a00019fd571,APPROVED,2019-11-12 20:02:07.377000,2019-11-12 20:21:00.384000,1133.007,40,1077,0,100,2019-11-26 19:53:13.970000,HRWSB3Q2,United States,United States,Full-Time,English,English,none,United States,Male,No,Multiple times every day
5dcb0fbf0a1dfa000e0aa6f6,5cd8c94c99e9d00001465e35,APPROVED,2019-11-12 20:02:09.432000,2019-11-12 20:20:29.468000,1100.036,50,560,1,100,2019-11-26 19:53:14.868000,HRWSB3Q2,United States,United States,Full-Time,English,"Czech, English",none,United States,Male,No,Multiple times every day
5dcb0fbf8febed7ea12f3f10,5cf48ebb06fb120001ed0105,APPROVED,2019-11-12 20:02:12.411000,2019-11-12 20:40:11.465000,2279.054,39,611,1,100,2019-11-26 19:53:16.039000,HRWSB3Q2,United States,United States,Full-Time,English,English,none,United States,Male,No,Multiple times every day
5dcb0fc3330f79000b436c4e,595859e982be5500017acf9d,APPROVED,2019-11-12 20:02:16.526000,2019-11-12 20:34:27.381000,1930.855,23,344,1,100,2019-11-26 19:53:17.333000,HRWSB3Q2,United States,United States,Full-Time,English,English,none,Nigeria,Male,Yes,Multiple times every day
5dcb0fc7e636d9000d2ca96c,5be681475b7ff700013be8be,RETURNED,2019-11-12 20:02:16.727000,,31603359.57897,22,388,2,100,,,CONSENT REVOKED,CONSENT REVOKED,CONSENT REVOKED,CONSENT REVOKED,CONSENT REVOKED,CONSENT REVOKED,CONSENT REVOKED,CONSENT REVOKED,CONSENT REVOKED,CONSENT REVOKED
5dcb17af7c79467f604ba4c0,5db7e95a0b850e000f5e0b6f,APPROVED,2019-11-12 20:36:03.299000,2019-11-12 20:49:18.418000,795.119,27,507,4,99,2019-11-26 19:53:18.283000,HRWSB3Q2,United States,United States,Full-Time,English,English,none,United States,Male,Yes,Every day
5dcb551d0133ef83a90f85a6,5dacf17a6f11e500163e3bc4,APPROVED,2019-11-13 00:58:05.912000,2019-11-13 01:12:32.782000,866.87,33,678,3,100,2019-11-26 19:53:19.385000,HRWSB3Q2,United States,United States,"Not in paid work (e.g. homemaker', 'retired or disabled)",English,"English, German",none,United States,Female,No,Every day
5dcb551f569be3829ce59414,5beb8419aec9ef0001e9d5fb,APPROVED,2019-11-13 00:58:07.081000,2019-11-13 01:12:23.271000,856.19,24,998,6,98,2019-11-26 19:53:20.487000,HRWSB3Q2,United States,United States,Full-Time,English,English,none,United States,Female,No,Multiple times every day
5dcb55277624408214857416,5c546de9aba7d60001f1eff4,APPROVED,2019-11-13 00:58:38.601000,2019-11-13 01:22:35.350000,1436.749,26,535,3,100,2019-11-26 19:53:21.508000,HRWSB3Q2,United States,United States,Other,English,English,none,United States,Female,No,Multiple times every day
5dcb552c7c794682f322723f,5a01a0fd728b1b0001ad89f8,APPROVED,2019-11-13 00:58:30.230000,2019-11-13 01:15:29.191000,1018.961,32,728,0,100,2019-11-26 19:53:22.654000,HRWSB3Q2,United States,United States,Full-Time,English,English,none,United States,Male,No,Multiple times every day
5dcb552d292aaa825c5ad835,5d7c6d39a9f18900015f3094,APPROVED,2019-11-13 00:58:21.230000,2019-11-13 01:49:25.063000,3063.833,30,518,0,100,2019-11-26 19:53:24.726000,HRWSB3Q2,United States,United States,Full-Time,English,English,none,United States,Male,No,Every day
5dcb552d048ee4836f4f24c1,5c7135f1bd8e00000172fdf5,APPROVED,2019-11-13 01:01:46.118000,2019-11-13 01:28:42.924000,1616.806,36,499,0,100,2019-11-26 19:53:23.875000,HRWSB3Q2,United States,United States,Unemployed (and job seeking),English,English,none,United States,Male,Yes,Multiple times every day
5dcb552fb3e5c280762a3f80,5c2805401d4eb70001177bfc,APPROVED,2019-11-13 00:58:26.370000,2019-11-13 01:15:38.376000,1032.006,34,1040,1,100,2019-11-26 19:53:25.603000,HRWSB3Q2,United States,United States,Other,English,English,none,United States,Female,No,Every day
5dcc1a20c4c14f8aa22e5655,5c5c91805b87820001c4e5c3,APPROVED,2019-11-13 14:59:05.487000,2019-11-13 15:14:13.929000,908.442,21,372,3,99,2019-11-26 19:53:26.497000,HRWSB3Q2,United States,United States,Part-Time,English,English,none,United States,Male,No,Multiple times every day
5dcc1a215e2a778b6acdc75c,5a4909a37aebf7000115453d,APPROVED,2019-11-13 14:58:42.973000,2019-11-13 15:17:35.864000,1132.891,29,710,4,100,2019-11-26 19:53:27.337000,HRWSB3Q2,United States,United States,Full-Time,English,English,none,United States,Male,No,Multiple times every day
5dcc1a242865558a74c2969c,5bd4c1d09afb5b00015c5bdd,APPROVED,2019-11-13 14:58:44.301000,2019-11-13 15:29:31.506000,1847.205,,1023,1,100,2019-11-26 19:53:28.227000,HRWSB3Q2,United States,United States,Part-Time,English,English,none,United States,Male,No,Every day
5dcc1a25d291918b48e06830,58effc65c31d4d00015aa5b9,APPROVED,2019-11-13 14:58:45.659000,2019-11-13 15:23:54.191000,1508.532,46,1149,4,100,2019-11-26 19:53:29.241000,HRWSB3Q2,United States,United States,Part-Time,English,English,none,United States,Female,No,Every day
5dcc1a29fbf4748a84f493b5,58cbd0a55d42920001414dd3,APPROVED,2019-11-13 15:02:23.746000,2019-11-13 15:34:22.236000,1918.49,31,1054,0,100,2019-11-26 19:53:31.033000,HRWSB3Q2,United States,United States,Unemployed (and job seeking),English,English,none,United States,Male,No,Multiple times every day
5dcc1a292bd18a8b9813e67a,5c4de8f726093e000134ee6e,APPROVED,2019-11-13 14:58:49.954000,2019-11-13 15:23:18.524000,1468.57,52,1083,2,100,2019-11-26 19:53:30.167000,HRWSB3Q2,United States,United States,Full-Time,English,English,none,United States,Male,No,Multiple times every day
5dcc1a2e6f3f168afef0dbf8,5dad59d38a78c7001a59e9e1,APPROVED,2019-11-13 14:58:58.362000,2019-11-13 15:31:16.526000,1938.164,23,567,0,100,2019-11-26 19:53:31.936000,HRWSB3Q2,United States,United States,Unemployed (and job seeking),English,English,none,United States,Male,No,Every day
5dcc60c5a6eae390296fcc4b,5d88f2f8cefb52001a83f1b2,APPROVED,2019-11-13 20:00:10.190000,2019-11-13 20:20:51.108000,1240.918,53,532,1,100,2019-11-26 19:53:32.798000,HRWSB3Q2,United States,United States,"Not in paid work (e.g. homemaker', 'retired or disabled)",English,English,none,United States,Female,No,Multiple times every day
5dcc60db9e40c99022cf80fa,5cd8e69a987ddd00187b7c06,APPROVED,2019-11-13 20:00:30.171000,2019-11-13 20:09:33.796000,543.625,28,630,1,100,2019-11-26 19:53:33.725000,HRWSB3Q2,United States,United States,Unemployed (and job seeking),English,English,none,United States,Female,No,Multiple times every day
5dcc60e00d41f88f8ce19343,5d2def2b841b740019bfb7a7,APPROVED,2019-11-13 20:00:36.212000,2019-11-13 20:24:56.855000,1460.643,31,355,1,100,2019-11-26 19:53:34.746000,HRWSB3Q2,United States,United States,Unemployed (and job seeking),English,English,none,United States,Female,No,Every day
5dcc60e2e0b7838f8d773004,56333f762840d2000a22e4a3,APPROVED,2019-11-13 20:00:39.306000,2019-11-13 20:21:35.147000,1255.841,31,1006,0,100,2019-11-26 19:53:35.613000,HRWSB3Q2,United States,United States,Full-Time,English,English,none,United States,Female,No,Multiple times every day
5dcc60e90133ef9049377e9f,5b847cdbe611ff0001c326b3,APPROVED,2019-11-13 20:00:44.683000,2019-11-13 20:20:55.655000,1210.972,29,991,2,100,2019-11-26 19:53:36.489000,HRWSB3Q2,United States,United States,Full-Time,English,English,none,United States,Female,No,2-6 times a week
5dcc60e9292aaa8e48d337f9,5d8aa37c393d840015bbe0f2,APPROVED,2019-11-13 20:00:46.369000,2019-11-13 20:19:22.451000,1116.082,24,303,5,95,2019-11-26 19:53:37.399000,HRWSB3Q2,Guyana,United States,Full-Time,English,English,none,United States,Female,Yes,Every day
5dcc60ed4d2b668f34b829c6,5acb6d77e734400001da7928,APPROVED,2019-11-13 20:00:58.658000,2019-11-13 20:16:56.427000,957.769,31,637,2,100,2019-11-26 19:53:38.303000,HRWSB3Q2,United States,United States,Full-Time,English,English,none,United States,Male,Yes,Multiple times every day
5dcca71f45b8f9943aa54bd5,5c6fd4307a844e0001b2eb29,APPROVED,2019-11-14 01:03:53.688000,2019-11-14 01:35:08.588000,1874.9,28,646,1,100,2019-11-26 19:53:39.168000,HRWSB3Q2,United Kingdom,United States,"Not in paid work (e.g. homemaker', 'retired or disabled)",English,English,none,United Kingdom,Female,No,Multiple times every day
5dcca7245d7c9493a82921c9,599b5246b5566b0001aa86f6,APPROVED,2019-11-14 01:00:22.486000,2019-11-14 01:20:41.877000,1219.391,28,125,0,100,2019-11-26 19:53:40.242000,HRWSB3Q2,United States,United States,Full-Time,English,English,none,United States,Female,No,Multiple times every day
5dcca726e0b78393afc8cbcf,5c2c62542c45d400014a32e6,APPROVED,2019-11-14 01:00:23.820000,2019-11-14 01:42:47.569000,2543.749,26,840,1,100,2019-11-26 19:53:41.106000,HRWSB3Q2,United States,United States,Part-Time,English,English,none,United States,Male,No,Multiple times every day
5dcca731735496ce723aac76,5db2cfc2aa1295000aa719c1,APPROVED,2019-11-14 01:00:35.440000,2019-11-14 01:14:00.949000,805.509,25,342,0,100,2019-11-26 19:53:41.984000,HRWSB3Q2,United States,United States,Full-Time,English,English,none,United States,Male,Yes,Multiple times every day
5dcca7334fbc3e9466ebc522,5d99133a010d0f037782407a,TIMED-OUT,2019-11-14 01:00:37.747000,,31499064.589574,25,287,1,100,,,United States,United States,Unemployed (and job seeking),English,English,none,United States,Male,No,Multiple times every day
5dcca7374d2b6693acb888ec,5d4b1c73cfe6e90017ad8990,APPROVED,2019-11-14 01:01:52.918000,2019-11-14 01:16:41.236000,888.318,25,700,3,100,2019-11-26 19:53:42.871000,HRWSB3Q2,Nigeria,United States,Full-Time,French,"English, French",none,United States,Male,Yes,2-6 times a week
5dcca73903f8569340e02b81,5b8fec0ecf6f2c0001a1fe95,APPROVED,2019-11-14 01:00:43.528000,2019-11-14 01:28:09.339000,1645.811,22,283,1,100,2019-11-26 19:53:43.736000,HRWSB3Q2,United States,United States,Other,English,English,none,United States,Female,Yes,Every day
5dccb465a6eae3942b59b29e,5d7ff4aa50fda7001a863736,APPROVED,2019-11-14 01:56:54.707000,2019-11-14 02:14:02.814000,1028.107,21,396,1,100,2019-11-26 19:53:44.681000,HRWSB3Q2,United States,United States,Unemployed (and job seeking),English,English,none,United States,Female,No,Every day
5dcd6b80972d6603952a752e,5d7583593a535600190c2e5b,APPROVED,2019-11-14 14:58:54.266000,2019-11-14 15:10:41.170000,706.904,31,780,3,100,2019-11-26 19:53:45.745000,HRWSB3Q2,United States,United States,Full-Time,English,English,none,United States,Male,No,Multiple times every day
5dcd6b892357c40395a47363,5dc1bdcfb4c0ec124d4342c9,APPROVED,2019-11-14 14:58:19.932000,2019-11-14 15:16:56.403000,1116.471,22,162,1,99,2019-11-26 19:53:46.645000,HRWSB3Q2,United States,United States,Full-Time,English,English,none,United States,Male,No,Multiple times every day
5dcd6b8a6de48303d3ac2050,5d8d0decf345720017634bc0,APPROVED,2019-11-14 14:58:18.779000,2019-11-14 15:30:05.832000,1907.053,24,600,2,100,2019-11-26 19:53:47.521000,HRWSB3Q2,United States,United States,Full-Time,English,English,none,United States,Female,No,Multiple times every day
5dcd6b8f44f89e03dbe102af,5c5ae4a166c50300015170a8,APPROVED,2019-11-14 14:59:49.770000,2019-11-14 15:11:56.010000,726.24,47,795,5,99,2019-11-26 19:53:48.382000,HRWSB3Q2,Mexico,United States,Full-Time,Spanish,"English, Spanish",none,United States,Female,No,2-6 times a week
5dcd6b8f98f9bf039396b0f1,5c6b646349b7f0000120b659,APPROVED,2019-11-14 15:00:09.557000,2019-11-14 15:19:58.116000,1188.559,64,787,3,100,2019-11-26 19:53:49.210000,HRWSB3Q2,United States Minor Outlying Islands,United States,Part-Time,English,English,none,United States,Female,No,Multiple times every day
5dcd6b8fde53c3038d61be63,5a834f1fae9a0b0001a9da21,TIMED-OUT,2019-11-14 14:58:26.663000,,31448797.495026,28,914,2,100,,,United States,United States,Full-Time,English,English,none,United States,Female,Yes,Multiple times every day
5dcd6b90e23199035244c060,5d8e3cd58c996a00138f684c,APPROVED,2019-11-14 14:58:43.653000,2019-11-14 15:27:05.065000,1701.412,39,337,3,99,2019-11-26 19:53:50.097000,HRWSB3Q2,United States,United States,Full-Time,English,English,"not applicable, none",United States,Male,No,Multiple times every day
5dcd7a0d27a3870556e57d23,5be89ff4d153f500019aa86f,APPROVED,2019-11-14 16:00:13.252000,2019-11-14 16:14:18.653000,845.401,24,778,1,100,2019-11-26 19:53:51.131000,HRWSB3Q2,United States,United States,Full-Time,English,English,none,United States,Female,No,Multiple times every day
5dcdb192d6773b000b44cc4e,5be87e33a14b540001aa2ea5,APPROVED,2019-11-14 19:57:08.783000,2019-11-14 20:12:31.133000,922.35,30,967,1,100,2019-11-26 19:53:52.054000,HRWSB3Q2,United States,United States,Full-Time,English,English,none,United States,Female,No,Every day
5dcdb194b0649707eae76c1d,5da88e8df40e110014a388ec,APPROVED,2019-11-14 19:57:10.261000,2019-11-14 20:14:26.232000,1035.971,26,24,0,100,2019-11-26 19:53:52.936000,HRWSB3Q2,United States,United States,Other,English,English,"none, not applicable",United States,Female,Yes,Multiple times every day
5dcdb195628c5107f5e8dc19,5d58db559fe0f000170f3e8e,APPROVED,2019-11-14 19:57:11.814000,2019-11-14 20:11:28.957000,857.143,27,545,0,100,2019-11-26 19:53:53.822000,HRWSB3Q2,United States,United States,Full-Time,English,English,none,United States,Female,Yes,Multiple times every day
5dcdb197cf7d290891c672cf,5cd706eb0f0de600158e7316,APPROVED,2019-11-14 19:57:11.184000,2019-11-14 20:17:40.955000,1229.771,21,250,1,100,2019-11-26 19:53:54.727000,HRWSB3Q2,United States,United States,Other,English,English,none,United States,Male,Yes,Multiple times every day
5dcdb1a8c30fb708281db6c6,5bd9fed6780d50000109c503,APPROVED,2019-11-14 19:57:31.313000,2019-11-14 20:14:38.008000,1026.695,38,1221,0,100,2019-11-26 19:53:56.664000,HRWSB3Q2,United States,United States,Full-Time,English,English,none,United States,Male,No,Multiple times every day
5dcdb1a805e73f07b6c0ed87,5c4a428161c51f0001e96b3f,APPROVED,2019-11-14 19:57:31.045000,2019-11-14 20:14:46.626000,1035.581,26,837,7,99,2019-11-26 19:53:55.637000,HRWSB3Q2,United States,United States,Full-Time,English,English,none,United States,Male,No,Once a week
5dcdb1aeac04820830c9ef5a,5c0fcccc1f6f150001487111,APPROVED,2019-11-14 19:57:38.696000,2019-11-14 20:11:37.972000,839.276,57,967,3,100,2019-11-26 19:53:57.498000,HRWSB3Q2,United States,United States,"Not in paid work (e.g. homemaker', 'retired or disabled)",English,English,none,United States,Female,No,Multiple times every day
5dcdf8cb10a4c50a486a87f6,5591cd21fdf99b63126f6c60,APPROVED,2019-11-15 01:01:01.858000,2019-11-15 01:14:41.681000,819.823,30,1291,8,99,2019-11-26 19:53:58.392000,HRWSB3Q2,United States,United States,Full-Time,English,English,none,United States,Male,No,Multiple times every day
5dcdf8d7e3b6ee0bb77e7c25,5c2e190fa3e23b00017a3dff,APPROVED,2019-11-15 01:01:14.684000,2019-11-15 01:10:28.421000,553.737,33,615,4,100,2019-11-26 19:53:59.285000,HRWSB3Q2,United States,United States,Full-Time,English,English,none,United States,Female,No,Multiple times every day
5dcdf8da76c7e80bacbfc3c1,5d4359295a5b010001523b4e,APPROVED,2019-11-15 01:01:46.287000,2019-11-15 01:22:07.911000,1221.624,40,630,5,99,2019-11-26 19:54:00.155000,HRWSB3Q2,Canada,United States,"Not in paid work (e.g. homemaker', 'retired or disabled)",English,English,none,United States,Female,No,Multiple times every day
5dcdf8df33c8490b362e9da4,5993020a5f49420001caf86b,APPROVED,2019-11-15 01:01:29.078000,2019-11-15 01:18:27.051000,1017.973,50,1607,1,100,2019-11-26 19:54:01.098000,HRWSB3Q2,United States,United States,Full-Time,English,English,none,United States,Female,No,Multiple times every day
5dcdf8e0b368170b6ad159d9,5d02b1ce6c69cf00162f5f1a,APPROVED,2019-11-15 01:01:20.923000,2019-11-15 01:18:13.479000,1012.556,39,981,0,100,2019-11-26 19:54:02.199000,HRWSB3Q2,United States,United States,Unemployed (and job seeking),English,English,none,United States,Male,No,Multiple times every day
5dcdf8e4f4ed3b0a5e2ff8b2,5c4e9decc477f10001d90ac9,APPROVED,2019-11-15 01:01:26.959000,2019-11-15 01:25:56.266000,1469.307,21,451,2,100,2019-11-26 19:54:03.130000,HRWSB3Q2,United States,United States,Unemployed (and job seeking),English,English,none,United States,Female,Yes,Every day
5dcdf8e9c30fb70b67fcc79a,5d65e31c367c8600019f2b13,APPROVED,2019-11-15 01:01:29.160000,2019-11-15 01:13:24.142000,714.982,31,224,2,100,2019-11-26 19:54:04.065000,HRWSB3Q2,United States,United States,Due to start a new job within the next month,English,English,none,United States,Male,No,Multiple times every day
